OBJECTID,SOURCE,ORIGINAL_SHEPARDSON_ID,EI_ATLAS_ID,ALTERNATIVE_GIS_ID,LOCATION_TYPE,LOCATION_NAME,LOCATION_NOTES,STATE_FOUND,NUMBER_OF_FRAGMENTS,GENERAL_CONDITION,TOTAL_LENGTH_cm,BASE_WIDTHcm,MATERIAL_TYPE,lat,lon,dist_km
8,HUNT/LIPO,NONE,07-584-20,7-23-HL-M,AHU,AHU AKAHANGA,,Fragments in Association,2, ,Missing,Missing,Raraku Tuff,-27.14901,-109.336597,5.475828952565872
9,SHEPARDSON & HUNT/LIPO,05-080-01,05-080-01,5-1-HLS-M,ISOLATED,HANGA HAHAVE,,Fragments in Association,3,Broken at chin and neck.,603,190,Raraku Tuff,-27.166328,-109.390076,11.074665471874335
10,SHEPARDSON & HUNT/LIPO,05-109-01,05-109-01,5-2-HLS-M,AHU,O URE,,Fragments in Association,2,Broken at chin.,325,156,Raraku Tuff,-27.16655,-109.387376,10.842139295078326
11,SHEPARDSON & HUNT/LIPO,05-109-03,05-109-03,5-3-HLS-M,AHU,O URE,,Fragments in Association,2,Top of head missing.   Broken at neck.,Missing,127,Raraku Tuff,-27.166545,-109.387356,10.840110616977238
12,SHEPARDSON & HUNT/LIPO,06-002-04,06-002-04,5-4-HLS-M,AHU,HANGA POUKURA,,Fragment,1,Severe erosion.,Missing,,Raraku Tuff,-27.16657,-109.380538,10.233925794955917
13,SHEPARDSON & HUNT/LIPO,06-002-02,06-002-02,5-6-HLS-M,AHU,HANGA POUKURA,,Complete,1,Severe erosion.,312,,Raraku Tuff,-27.166734,-109.38042,10.23168332381905
14,SHEPARDSON & HUNT/LIPO,Vaihu-01,05-998-01,5-7-HLS-M,ISOLATED,HANGA POUKURA,,Complete,1,Severe erosion. Top of face/head missing.  /,Missing,,Raraku Tuff,-27.165942,-109.381876,10.321706600946802
15,SHEPARDSON & HUNT/LIPO,06-001-02,06-001-02,6-1-HLS-M,AHU,HANGA POUKURA,,Complete,1, ,472,,Raraku Tuff,-27.167124,-109.379534,10.173208398742387
16,SHEPARDSON & HUNT/LIPO,06-001-05,06-001-05,6-3-HLS-M,AHU,HANGA POUKURA,,Fragments in Association,2,Broken across chin.,396,147,Raraku Tuff,-27.167261,-109.379821,10.205430847629199
17,HUNT/LIPO,NONE,35-999-12,29-15-HL-M,AHU,RUNGA,,,1, ,Missing,Missing,Raraku Tuff,-27.07953,-109.325241,6.2561567879070035
18,HUNT/LIPO,NONE,35-995-03,29-16-HL-M,AHU,RUNGA,,,1, ,Missing,Missing,Raraku Tuff,-27.079764,-109.324695,6.203477675165115
19,HUNT/LIPO,NONE,35-999-13,29-17-HL-M,ISOLATED,AVA ANAKENA,,,1, ,Missing,Missing,Raraku Tuff,-27.075793,-109.324785,6.571572045472441
20,HUNT/LIPO,NONE,35-999-14,29-18-HL-M,ISOLATED,AVA ANAKENA,,,1, ,Missing,Missing,Raraku Tuff,-27.075769,-109.324798,6.574504031935978
21,HUNT/LIPO,NONE,35-999-15,29-20-HL-M,AHU,AHU NAU NAU,,,1, ,Missing,Missing,Raraku Tuff,-27.074475,-109.322239,6.561020975775143
22,HUNT/LIPO,NONE,32-999-05,26-8-HL-M,AHU,AHU MAITAKI TE MOA ,AHU MAITAKI TE MOA WALL,,1, ,Missing,Missing,Raraku Tuff,-27.074218,-109.400387,12.466495754734806
23,SHEPARDSON & HUNT/LIPO,Tepeu-08,15-998-08,15-6-HLS-M,AHU,AHU TEPEU,,Fragment,1,Fragment head only,Missing,,Raraku Tuff,-27.100922,-109.412397,12.589668343948876
24,SHEPARDSON & HUNT/LIPO,Nau Nau-01-05*,35-999-05,29-9-HLS-M,AHU,AHU NAU NAU,,,1, ,,119,Raraku Tuff,-27.074375,-109.322415,6.579505635306661
25,SHEPARDSON & HUNT/LIPO,Nau Nau-01-06,35-999-06,29-10-HLS-M,AHU,AHU NAU NAU,,Fragment,1, ,,101,Raraku Tuff,-27.074372,-109.322398,6.578924014675934
26,SHEPARDSON & HUNT/LIPO,Nau Nau-01-08,35-999-08,29-12-HLS-M,AHU,AHU NAU NAU,,Fragment,1, ,,,Raraku Tuff,-27.074482,-109.322239,6.5603545180493334
27,SHEPARDSON & HUNT/LIPO,Nau Nau-01-10,35-999-10,30-3-HLS-M,AHU,AHU NAU NAU,,Complete,1, ,400,128,Raraku Tuff,-27.074495,-109.322038,6.548906643633886
28,HUNT/LIPO,NONE,15-998-14,15-9-HL-M,AHU,AHU TEPEU,,Fragment,1, ,Missing,Missing,Raraku Tuff,-27.100891,-109.412551,12.605297507220323
29,HUNT/LIPO,NONE,15-998-15,15-10-HL-M,AHU,AHU TEPEU,,Fragment,1, ,Missing,Missing,Raraku Tuff,-27.101,-109.41258,12.605520971334476
30,HUNT/LIPO,NONE,15-998-16,15-11-HL-M,AHU,AHU TEPEU,,Fragment,1, ,Missing,Missing,Raraku Tuff,-27.101039,-109.412603,12.60682511740881
31,HUNT/LIPO,NONE,15-998-17,15-12-HL-M,AHU,AHU TEPEU,,Fragment,1, ,Missing,Missing,Raraku Tuff,-27.10106,-109.412601,12.606136473828455
7,HUNT/LIPO,NONE,07-584-19,7-21-HL-M,AHU,AHU AKAHANGA,,Complete,1, ,Missing,Missing,Raraku Tuff,-27.149042,-109.336716,5.487860396647156
32,HUNT/LIPO,NONE,29-999-13,29-19-HL-M,AHU,AHU NAU NAU ,AHU NAU NAU (EMBEDDED IN BACK OF AHU WALL),Fragment,1, ,Missing,Missing,Raraku Tuff,-27.074388,-109.32247,6.581076844669861
33,HUNT/LIPO,NONE,20-999-03,20-25-HL-M,AHU,UKNOWN AHU,RANO RARAKU NORTH ROAD,Fragment,1, ,Missing,Missing,Raraku Tuff,-27.108842,-109.311533,2.938794379561001
34,HUNT/LIPO,NONE,14-548-33,14-25-HL-M,AHU,AHU TONGARIKI,MOAI FRAGMENT BEHIND AHU TONGARIKI,Fragment,1, ,Missing,Missing,Raraku Tuff,-27.125461,-109.27639,1.1666520033468097
36,HUNT/LIPO,NONE,14-548-34,14-27-HL-M,AHU,AHU TONGARIKI,MOAI FRAGMENT BEHIND AHU TONGARIKI,Fragment,1, ,Missing,Missing,Raraku Tuff,-27.125437,-109.276387,1.1668794599321974
1,HUNT/LIPO,NONE,05-078-03,5-20-HL-M,AHU,O URE,,Complete,2, ,Missing,Missing,Raraku Tuff,-27.166557,-109.387409,10.845427870699682
2,HUNT/LIPO,NONE,06-001-01,6-17-HL-M,AHU,HANGA POUKURA,,Fragments in Association,2, ,Missing,Missing,Raraku Tuff,-27.167095,-109.379478,10.166805857912644
3,SHEPARDSON & HUNT/LIPO,05-078-01,05-078-01,5-25-HLS-M,AHU,HANGA HAHAVE,,Complete,2,Broken at neck.,470,172,Raraku Tuff,-27.167106,-109.390314,11.131963508466885
4,SHEPARDSON & HUNT/LIPO,05-078-02,05-078-02,5-26-HLS-M,AHU,HANGA HAHAVE,,Fragments in Association,1,Broken at neck.,Missing,96,Raraku Tuff,-27.167125,-109.390505,11.150023805344382
5,HUNT/LIPO,NONE,07-584-17,7-18-HL-M,AHU,AHU AKAHANGA,,Fragment,1, ,Missing,Missing,Raraku Tuff,-27.14891,-109.336442,5.45703133135783
6,HUNT/LIPO,NONE,07-584-18,7-20-HL-M,AHU,AHU AKAHANGA,,Complete,1, ,Missing,Missing,Raraku Tuff,-27.149049,-109.336742,5.490489727026951
35,HUNT/LIPO,NONE,RR-294,RR-170-HL-M,QUARRY NOT BEDROCK,RANO RARAKU ,RANO RARAKU INTERIOR,Complete,1, ,Missing,Missing,Raraku Tuff,-27.12462,-109.288141,0.061671862838564
37,SHEPARDSON & HUNT/LIPO,06-001-04,06-001-04,6-4-HLS-M,AHU,HANGA POUKURA,,Fragments in Association,2,Broken at neck.,Missing,,Raraku Tuff,-27.167246,-109.379767,10.199915714003867
38,SHEPARDSON & HUNT/LIPO,06-001-03,06-001-03,6-5-HLS-M,AHU,HANGA POUKURA,,Fragments in Association,2,Severe erosion.  / Broken at neck.,Missing,,Raraku Tuff,-27.167144,-109.37976,10.19412066166582
39,SHEPARDSON & HUNT/LIPO,06-002-01,06-002-01,6-6-HLS-M,AHU,HANGA POUKURA,,Complete,1,Severe erosion.,Missing,,Raraku Tuff,-27.167087,-109.379925,10.205767281633468
40,HUNT/LIPO,NONE,07-585-02,7-24-HL-M,AHU,AHU AKAHANGA,,Complete,1, ,Missing,Missing,Raraku Tuff,-27.149237,-109.336212,5.454782266864308
41,HUNT/LIPO,NONE,07-584-21,7-25-HL-M,AHU,AHU AKAHANGA,,Fragments in Association,3, ,Missing,Missing,Raraku Tuff,-27.148945,-109.336321,5.448424240962382
42,HUNT/LIPO,NONE,07-584-22,7-26-HL-M,AHU,AHU AKAHANGA,,Fragments in Association,3, ,Missing,Missing,Raraku Tuff,-27.14894,-109.336294,5.44581686722964
43,HUNT/LIPO,NONE,07-584-23,7-27-HL-M,AHU,AHU AKAHANGA,,,1, ,Missing,Missing,Raraku Tuff,-27.14894,-109.336264,5.443218751149661
44,HUNT/LIPO,NONE,07-584-24,7-28-HL-M,AHU,AHU AKAHANGA,,Fragment,1, ,Missing,Missing,Raraku Tuff,-27.148944,-109.336246,5.441875312745252
45,HUNT/LIPO,NONE,07-584-25,7-29-HL-M,AHU,AHU AKAHANGA,,Complete,1, ,Missing,Missing,Raraku Tuff,-27.148917,-109.336252,5.440942587914042
46,HUNT/LIPO,NONE,07-584-26,7-30-HL-M,AHU,AHU AKAHANGA,,Fragment,1, ,Missing,Missing,Raraku Tuff,-27.148906,-109.336225,5.438012664191915
47,SHEPARDSON & HUNT/LIPO,12-212-02,12-212-02,12-17-HLS-M,AHU,RUNGA VA E,,Fragments in Association,2,Broken below neck.,467,144,Raraku Tuff,-27.140234,-109.318639,3.4486130599370988
48,SHEPARDSON & HUNT/LIPO,12-212-03,12-212-03,12-18-HLS-M,AHU,RUNGA VA E,,Fragment,1,"Single fragmant, Broken at neck.",Missing,86,Raraku Tuff,-27.14017,-109.318507,3.433739429222417
49,SHEPARDSON & HUNT/LIPO,12-212-06,12-212-06,12-19-HLS-M,AHU,RUNGA VA E,,Fragment,1,"Single fragmant, Severe erosion.",Missing,,Raraku Tuff,-27.140224,-109.318689,3.45240634918456
50,SHEPARDSON & HUNT/LIPO,12-172-01,12-172-01,12-20-HLS-M,ROAD,ROAD MOAI,,Complete,1,"Single fragmant, head only",Missing,,Raraku Tuff,-27.136509,-109.318622,3.266719408364759
51,SHEPARDSON & HUNT/LIPO,12-003-01,12-003-01,12-23-HLS-M,AHU,AHU HANGA TETENGA,,Fragment,1,"Fragment , Broken at chest.",Missing,76,Raraku Tuff,-27.137682,-109.313036,2.826207231518478
52,SHEPARDSON & HUNT/LIPO,12-003-02,12-003-02,12-24-HLS-M,AHU,AHU HANGA TETENGA,,Fragments in Association,4,Broken into roughly equal sized pieces.,Missing,248,Raraku Tuff,-27.137647,-109.312889,2.8116251628600835
53,SHEPARDSON & HUNT/LIPO,12-003-03,12-003-03,12-25-HLS-M,AHU,HANGA TE TENGA,,Fragments in Association,4,Broken at neck and two pieces off head.,Missing,218,Raraku Tuff,-27.137696,-109.312608,2.7901510166309182
54,SHEPARDSON & HUNT/LIPO,12-013-01,12-013-01,12-26-HLS-M,ROAD,ROAD MOAI,,Complete,1,Intact severe erosion,627,175,Raraku Tuff,-27.134973,-109.313003,2.68828679574436
55,SHEPARDSON & HUNT/LIPO,12-014-01,12-014-01,12-27-HLS-M,ROAD,ROAD MOAI,,Fragments in Association,2,Broken above chin.,649,268,Raraku Tuff,-27.134967,-109.313143,2.7006996298504933
56,HUNT/LIPO,NONE,07-584-26,7-31-HL-M,AHU,AHU AKAHANGA,,Fragments in Association,1, ,Missing,Missing,Raraku Tuff,-27.148895,-109.336202,5.435429185872116
57,HUNT/LIPO,NONE,07-584-28,7-32-HL-M,AHU,AHU AKAHANGA,,Fragment,1, ,Missing,Missing,Raraku Tuff,-27.148885,-109.336183,5.4332459157009145
58,HUNT/LIPO,NONE,12-460-05,12-29-HL-M,AHU,AHU OROI,,Fragment,1, ,Missing,Missing,Raraku Tuff,-27.142337,-109.327927,4.372711254997392
59,HUNT/LIPO,NONE,12-460-07,12-30-HL-M,AHU,AHU OROI,,Fragment,1, ,Missing,Missing,Raraku Tuff,-27.142391,-109.328056,4.386817927197369
60,HUNT/LIPO,NONE,12-999-01,12-31-HL-M,AHU,OROI,,Complete,1, ,Missing,Missing,Raraku Tuff,-27.136589,-109.329643,4.2968578975868095
61,HUNT/LIPO,NONE,12-460-08,12-32-HL-M,AHU,AHU OROI,,Fragments in Association,1, ,Missing,Missing,Raraku Tuff,-27.142405,-109.327896,4.373244665094549
62,HUNT/LIPO,NONE,12-460-06,12-33-HL-M,AHU,AHU OROI,,Fragments in Association,2, ,Missing,Missing,Raraku Tuff,-27.142357,-109.327918,4.372877051954594
63,HUNT/LIPO,NONE,12-397-02,12-34-HL-M,ROAD,ROAD MOAI,"Highly probable match to 12-397-01, need field verification.",Fragments in Association,3, ,Missing,Missing,Raraku Tuff,-27.140751,-109.327528,4.262801889774682
64,HUNT/LIPO,NONE,12-999-02,12-35-HL-M,AHU,UKNOWN AHU,,Fragment,1, ,Missing,Missing,Raraku Tuff,-27.141177,-109.323515,3.9241623701515844
65,HUNT/LIPO,NONE,12-212-10,12-36-HL-M,AHU,RUNGA VA E,,Fragments in Association,1, ,Missing,Missing,Raraku Tuff,-27.14027,-109.318737,3.459036279184968
66,HUNT/LIPO,NONE,12-212-11,12-37-HL-M,AHU,RUNGA VA E,,Complete,1, ,Missing,Missing,Raraku Tuff,-27.140117,-109.318673,3.4452869008341773
67,HUNT/LIPO,NONE,07-584-29,7-53-HL-M,AHU,UKNOWN AHU,,Complete,1, ,Missing,Missing,Raraku Tuff,-27.14847,-109.337343,5.512235271935017
68,HUNT/LIPO,NONE,07-584-30,7-54-HL-M,AHU,AHU AKAHANGA,,Fragment,1, ,Missing,Missing,Raraku Tuff,-27.148706,-109.336179,5.423302374510407
69,HUNT/LIPO,NONE,07-584-31,7-55-HL-M,AHU,AHU AKAHANGA,,Fragment,1, ,Missing,Missing,Raraku Tuff,-27.148795,-109.336235,5.432922211999118
70,HUNT/LIPO,NONE,07-584-32,7-56-HL-M,AHU,AHU AKAHANGA,,Fragment,1, ,Missing,Missing,Raraku Tuff,-27.148822,-109.336224,5.433415615173608
71,HUNT/LIPO,NONE,07-584-33,7-57-HL-M,AHU,AHU AKAHANGA,,Fragment,1, ,Missing,Missing,Raraku Tuff,-27.148848,-109.336229,5.435243696238466
72,HUNT/LIPO,NONE,07-584-34,7-58-HL-M,AHU,AHU AKAHANGA,,Fragments in Association,1, ,Missing,Missing,Raraku Tuff,-27.148843,-109.336272,5.438702416524413
73,HUNT/LIPO,NONE,07-584-35,7-59-HL-M,AHU,AHU AKAHANGA,,Complete,1, ,Missing,Missing,Raraku Tuff,-27.148867,-109.336406,5.451606413511798
74,SHEPARDSON & HUNT/LIPO,12-452-01,12-452-01,12-43-HLS-M,AHU,OROI,,Fragments in Association,3,Broken below nose and at neck.,642,174,Raraku Tuff,-27.143446,-109.331483,4.743410698510207
75,SHEPARDSON & HUNT/LIPO,12-460-03,12-460-03,12-44-HLS-M,AHU,AHU OROI,,Fragments in Association,2,Broken below chin.,420,135,Raraku Tuff,-27.142447,-109.327909,4.3764423838084285
76,SHEPARDSON & HUNT/LIPO,12-460-01,12-460-01,12-45-HLS-M,AHU,AHU OROI,,Fragments in Association,2,Broken below chin.,560,163,Raraku Tuff,-27.142398,-109.327804,4.36471524337736
77,SHEPARDSON & HUNT/LIPO,12-255-01,12-255-01,12-46-HLS-M,AHU,OROI,,Fragments in Association,2,Missing left corner of base.  ,462,165,Raraku Tuff,-27.13893,-109.324576,3.914249340251659
78,SHEPARDSON & HUNT/LIPO,12-323-01,12-323-01,12-47-HLS-M,ISOLATED,MAUNGA KAHUREA,,Complete,1,Intact severe erosion,595,175,Raraku Tuff,-27.135456,-109.326299,3.943502631028879
79,SHEPARDSON & HUNT/LIPO,12-220-01,12-220-01,12-48-HLS-M,ROAD,ROAD MOAI,,Complete,1,Intact ,735,283,Raraku Tuff,-27.136668,-109.321296,3.5188661368986334
80,SHEPARDSON & HUNT/LIPO,Rene-01 or 08-998-01,Museum-13,Museum-13,MUSEUM,ENGLERT MUSEUM,,Complete,1,Severe erosion. Missing left side of body.  ,Missing,,Raraku Tuff,-27.138047,-109.424858,13.607332646769025
81,SHEPARDSON & HUNT/LIPO,Rene-02 08-998-02,Museum-17,Museum-17,MUSEUM,ENGLERT MUSEUM,,Fragment,1,Severe erosion.,Missing,,Raraku Tuff,-27.137972,-109.424862,13.606854863199741
82,SHEPARDSON & HUNT/LIPO,08-268-01,08-268-01,8-11-HLS-M,AHU,AHU TEPEU,,Complete,1,Damage to right side.  ,Missing,,Raraku Tuff,-27.133991,-109.427048,13.783702954934691
83,SHEPARDSON & HUNT/LIPO,Museo-02,Museum-02,Museum-02,MUSEUM,ENGLERT MUSEUM,,Fragment,1,Severe erosion.,Missing,,Raraku Tuff,-27.137469,-109.423665,13.483239821867624
84,SHEPARDSON & HUNT/LIPO,Museo-04,Museum-04,Museum-04,MUSEUM,ENGLERT MUSEUM,,Fragment,1,Severe erosion.,Missing,,Raraku Tuff,-27.137443,-109.423659,13.48235707398539
85,SHEPARDSON & HUNT/LIPO,Piti-01,08-999-01,8-16-HLS-M,ISOLATED,PITI RANCH,,Complete,1,Good preservation,513,180,Raraku Tuff,-27.12997,-109.409251,11.998829494846365
86,SHEPARDSON & HUNT/LIPO,Shorty-01,33-998-01,33-1-HLS-M,ISOLATED,HEU,,Complete,1, ,176,92,Raraku Tuff,-27.057118,-109.377366,11.6208386627707
87,SHEPARDSON & HUNT/LIPO,Loco-01,34-999-01,34-1-HLS-M,AHU,MOTU RAU NUKU,,Fragments in Association,2,Severe erosion to body. ,,73,Raraku Tuff,-27.060144,-109.347055,9.278485949696016
88,SHEPARDSON & HUNT/LIPO,New Ahu-01,26-999-01,26-1-HLS-M,AHU,AHU TE NIU,,Complete,1,Complete Severe erosion,177,86,Raraku Tuff,-27.088952,-109.407539,12.482807922217816
89,SHEPARDSON & HUNT/LIPO,New Ahu-03,26-999-03,26-3-HLS-M,AHU,AHU TE NUI,,Fragments in Association,2,Broken at shoulders.,333,127,Raraku Tuff,-27.088773,-109.407524,12.487816831656446
90,SHEPARDSON & HUNT/LIPO,02-209-06,02-209-06,2-2-HLS-M,AHU,AHU VINAPU,,Fragment,1,Fragment ,Missing,,Raraku Tuff,-27.177142,-109.406689,13.074629686409711
91,HUNT/LIPO,NONE,02-210-09,2-13-HL-M,AHU,AHU VINAPU ,,,1, ,Missing,Missing,Raraku Tuff,-27.176392,-109.406446,13.016469672479042
92,HUNT/LIPO,NONE,02-209-10,2-14-HL-M,AHU,AHU VINAPU ,,Fragment,1, ,Missing,Missing,Raraku Tuff,-27.177094,-109.406773,13.079744690700547
93,HUNT/LIPO,NONE,02-210-08,2-16-HL-M,AHU,AHU VINAPU ,,,1, ,Missing,Missing,Raraku Tuff,-27.176457,-109.406474,13.022115602790572
94,SHEPARDSON & HUNT/LIPO,06-002-03,06-002-03,5-5-HLS-M,AHU,HANGA POUKURA,,Complete,1,Severe erosion. Crack at chest level.,Missing,,Raraku Tuff,-27.166665,-109.380461,10.231856906475286
95,SHEPARDSON & HUNT/LIPO,06-001-01,06-001-01,6-2-HLS-M,AHU,HANGA POUKURA,,Fragment,1,Fragment ,Missing,,Raraku Tuff,-27.166954,-109.379339,10.147410448500533
96,SHEPARDSON,A Umu-01,05-997-01,5-9-S-M,ISOLATED,UKNOWN AHU,,Missing,0,Moved historically. Severe erosion to base.  ,,,Raraku Tuff,-27.167449,-109.395101,11.579538990994676
97,HUNT/LIPO,NONE,05-997-02,5-18-HL-M,ISOLATED,UKNOWN AHU,,,1, ,Missing,Missing,Raraku Tuff,-27.167438,-109.39511,11.579858859540094
98,HUNT/LIPO,NONE,05-078-03,5-19-HL-M,AHU,HANGA HAHAVE,,,1, ,Missing,Missing,Raraku Tuff,-27.166964,-109.390378,11.131141864234573
99,SHEPARDSON,05-109-02,05-109-02,5-27-S-M,AHU,O URE,,Indeterminate,0,Broken at neck.,365,131,Raraku Tuff,-27.166616,-109.387374,10.845065240597686
100,SHEPARDSON,12-447-01,12-447-01,12-1-S-M,AHU,HOA ANGA VAKA O TUA PO,,Missing,0,Intact severe erosion,253,87,Raraku Tuff,-27.144069,-109.330653,4.699711383505197
101,SHEPARDSON,12-447-02,12-447-02,12-2-S-M,AHU,HOA ANGA VAKA O TUA PO,,Missing,0,Severe erosion.,,165,Raraku Tuff,-27.144003,-109.330525,4.685101966818945
102,SHEPARDSON,12-447-03,12-447-03,12-3-S-M,AHU,HOA ANGA VAKA O TUA PO,,Missing,0,Severe erosion.,248,165,Raraku Tuff,-27.143977,-109.330468,4.678764134735838
103,SHEPARDSON,12-447-04,12-447-04,12-4-S-M,AHU,HOA ANGA VAKA O TUA PO,,Missing,0,"Single fragmant, Severe erosion.",,,Raraku Tuff,-27.144004,-109.33054,4.686480583259205
104,SHEPARDSON,12-447-05,12-447-05,12-5-S-M,AHU,HOA ANGA VAKA O TUA PO,,Missing,0,Fragments,,,Raraku Tuff,-27.143976,-109.33046,4.678005787301665
105,SHEPARDSON,12-460-05,12-460-05,12-6-S-M,AHU,AHU OROI,,Missing,0,"Single fragmant, Severe erosion.",,,Raraku Tuff,-27.142421,-109.327932,4.377226472263922
106,SHEPARDSON,07-581-01,07-581-01,7-4-S-M,AHU,UKNOWN AHU,,Complete,0,Intact good condition,518,172,Raraku Tuff,-27.148541,-109.337387,5.519781373675877
107,SHEPARDSON,07-584-01,07-584-01,7-5-S-M,AHU,AHU AKAHANGA,,Missing,0,Intact ,550,178,Raraku Tuff,-27.149134,-109.33676,5.496609259507716
108,SHEPARDSON,07-584-02,07-584-02,7-6-S-M,AHU,AHU AKAHANGA,,Complete,0,Intact ,563,224,Raraku Tuff,-27.149078,-109.336677,5.486410753993827
109,SHEPARDSON,07-584-03,07-584-03,7-7-S-M,AHU,AHU AKAHANGA,,Fragments in Association,0,Broken at neck.,535,190,Raraku Tuff,-27.149091,-109.336602,5.480611721222822
110,SHEPARDSON,07-584-08,07-584-08,7-8-S-M,AHU,AHU AKAHANGA,,Missing,0,Broken at face.,,193,Raraku Tuff,-27.14899,-109.336303,5.449286535329392
111,SHEPARDSON,07-584-09,07-584-09,7-9-S-M,AHU,AHU AKAHANGA,,Complete,0,Intact severe erosion,310,108,Raraku Tuff,-27.148997,-109.336259,5.4458550414320435
112,SHEPARDSON,07-584-10,07-584-10,7-10-S-M,AHU,AHU AKAHANGA,,Complete,0,Intact severe erosion,,121,Raraku Tuff,-27.148996,-109.336254,5.445368414076379
113,SHEPARDSON,RR-A-071,RR-A-071,RR-292-S-M,QUARRY,RANO RARAKU,,Missing,0, ,601,,Raraku Tuff,-27.125746,-109.288237,0.0637271358999647
114,SHEPARDSON,RR-A-072,RR-A-072,RR-293-S-M,QUARRY,RANO RARAKU,,Missing,0, ,591,,Raraku Tuff,-27.125717,-109.288268,0.06093927344541611
115,SHEPARDSON,RR-A-073,RR-A-073,RR-294-S-M,QUARRY,RANO RARAKU,,Missing,0, ,,,Raraku Tuff,-27.125703,-109.288326,0.06060870234585228
116,SHEPARDSON,RR-A-074,RR-A-074,RR-295-S-M,QUARRY,RANO RARAKU,,Missing,0, ,,,Raraku Tuff,-27.125743,-109.288281,0.06399850330301413
117,SHEPARDSON,RR-A-075/RR-A-076,RR-A-075/RR-A-076,RR-296-S-M,QUARRY,RANO RARAKU,,Missing,0,Broken at neck.,,263,Raraku Tuff,-27.125779,-109.288298,0.06823105978987591
118,SHEPARDSON,RR-A-078,RR-A-078,RR-297-S-M,QUARRY,RANO RARAKU,,Missing,0,Good preservation,,,Raraku Tuff,-27.125843,-109.288284,0.07500199797365521
119,SHEPARDSON,RR-A-079,RR-A-079,RR-298-S-M,QUARRY,RANO RARAKU,,Missing,0,Good preservation,939,,Raraku Tuff,-27.125781,-109.288364,0.06995416493709994
120,SHEPARDSON,RR-A-080,RR-A-080,RR-299-S-M,QUARRY,RANO RARAKU,,Missing,0, ,,,Raraku Tuff,-27.125689,-109.288534,0.0674814953306906
121,SHEPARDSON,RR-A-081,RR-A-081,RR-300-S-M,QUARRY,RANO RARAKU,,Missing,0, ,,,Raraku Tuff,-27.125706,-109.288549,0.06987035796459092
122,SHEPARDSON,RR-A-082,RR-A-082,RR-301-S-M,QUARRY,RANO RARAKU,,Missing,0, ,,,Raraku Tuff,-27.125718,-109.288559,0.07152574117128539
123,SHEPARDSON,RR-A-083,RR-A-083,RR-302-S-M,QUARRY,RANO RARAKU,,Missing,0, ,,,Raraku Tuff,-27.125736,-109.288705,0.08174942608977953
124,SHEPARDSON,RR-A-084,RR-A-084,RR-303-S-M,QUARRY,RANO RARAKU,,Missing,0, ,,,Raraku Tuff,-27.125729,-109.288661,0.07838588468033825
125,SHEPARDSON,RR-A-085,RR-A-085,RR-304-S-M,QUARRY,RANO RARAKU,,Missing,0, ,,,Raraku Tuff,-27.125682,-109.288655,0.07397662437651159
126,SHEPARDSON,RR-A-099,RR-A-099,RR-305-S-M,QUARRY,RANO RARAKU,,Missing,0, ,,,Raraku Tuff,-27.125602,-109.288924,0.08842228749036772
127,SHEPARDSON,RR-A-100,RR-A-100,RR-306-S-M,QUARRY,RANO RARAKU,,Missing,0,Cracked at chest.  ,790,209,Raraku Tuff,-27.125522,-109.288819,0.07491161652332742
128,SHEPARDSON,RR-A-101,RR-A-101,RR-307-S-M,QUARRY,RANO RARAKU,,Missing,0, ,,,Raraku Tuff,-27.12557,-109.288877,0.08259179180818861
129,SHEPARDSON,RR-A-102,RR-A-102,RR-308-S-M,QUARRY,RANO RARAKU,,Missing,0, ,,,Raraku Tuff,-27.125494,-109.288854,0.07641501120263898
130,SHEPARDSON,RR-A-103,RR-A-103,RR-309-S-M,QUARRY,RANO RARAKU,,Missing,0, ,,,Raraku Tuff,-27.125576,-109.288935,0.08784656707020197
131,SHEPARDSON,RR-A-115,RR-A-115,RR-321-S-M,QUARRY,RANO RARAKU,,Missing,0,Severe erosion to left side.  / Broken below neck.,,,Raraku Tuff,-27.125557,-109.289183,0.1088825604632126
132,SHEPARDSON & HUNT/LIPO,Road-N-Ahu-03,20-999-03,20-34-HLS-M,ROAD,ROAD MOAI,RANO RARAKU NORTH ROAD,,1, ,Missing,122,Raraku Tuff,-27.114772,-109.298417,1.5370501587454466
133,SHEPARDSON & HUNT/LIPO,13-491-01,13-491-01,13-36-HLS-M,ROAD,ROAD MOAI,,Fragments in Association,3,Broken at nose and shoulders.,801,192,Raraku Tuff,-27.130385,-109.294356,0.842314290212489
134,SHEPARDSON,RR-261,RR-261,RR-12-S-M,QUARRY,RANO RARAKU,,Missing,0, ,,,Raraku Tuff,-27.124398,-109.287747,0.09587610827505401
135,SHEPARDSON,RR-262,RR-262,RR-13-S-M,QUARRY,RANO RARAKU,,Missing,0, ,,,Raraku Tuff,-27.124388,-109.287686,0.09963527741207784
136,SHEPARDSON,RR-263,RR-263,RR-14-S-M,QUARRY,RANO RARAKU,,Missing,0, ,,,Raraku Tuff,-27.124297,-109.287648,0.11031172851467651
137,SHEPARDSON & HUNT/LIPO,08-271-01,08-271-01,8-12-HLS-M,AHU,AHU TEPEU,,Fragment,1,Missing the majority of the body,Missing,,Raraku Tuff,-27.133766,-109.427133,13.790347210958153
138,SHEPARDSON & HUNT/LIPO,Museo-03,Museum-03,Museum-03,MUSEUM,ENGLERT MUSEUM,,,1,Severe erosion.,Missing,,Raraku Tuff,-27.13746,-109.423664,13.483040257674975
139,SHEPARDSON & HUNT/LIPO,Tepeu-01,15-998-01,15-1-HLS-M,AHU,AHU TEPEU,,Fragment,1,Fragment missing head,Missing,92,Raraku Tuff,-27.101111,-109.412552,12.600194852301575
140,SHEPARDSON & HUNT/LIPO,14-548-19,14-548-19,14-56-HLS-M,AHU,AHU TONGARIKI,,Fragment,1,"Fragments, Severe damage.  ",Missing,,Raraku Tuff,-27.125463,-109.276354,1.170220731178137
141,SHEPARDSON & HUNT/LIPO,14-548-23,14-548-23,14-59-HLS-M,AHU,AHU TONGARIKI,,Fragment,1,Part of Fragment pile - Broken at neck.,Missing,91,Raraku Tuff,-27.126356,-109.27765,1.0496977854034941
142,HUNT/LIPO,NONE,07-575-08,7-36-HL-M,AHU,URA URANGA TE MAHINA,,Fragment,1,Fragment server erosion,Missing,,Raraku Tuff,-27.150078,-109.339002,5.741577463181519
143,SHEPARDSON,07-584-11,07-584-11,7-11-S-M,AHU,AHU AKAHANGA,,Fragment,0,Broken. Severe erosion.  ,,116,Raraku Tuff,-27.148954,-109.336233,5.441288078215468
144,HUNT/LIPO,NONE,07-584-36,7-19-HL-M,AHU,AHU AKAHANGA,,,1, ,Missing,Missing,Raraku Tuff,-27.148756,-109.336462,5.4505357938049
145,HUNT/LIPO,NONE,07-584-37,7-22-HL-M,AHU,AHU AKAHANGA,,,3, ,Missing,Missing,Raraku Tuff,-27.149046,-109.336673,5.484347165431831
146,SHEPARDSON,07-584-12,07-584-12,7-12-S-M,AHU,AHU AKAHANGA,,Fragment,0,Broken. Severe erosion.  ,,111,Raraku Tuff,-27.14894,-109.336219,5.439322290821918
147,SHEPARDSON,07-584-13,07-584-13,7-13-S-M,AHU,AHU AKAHANGA,,Fragment,0,Broken at neck.,,90,Raraku Tuff,-27.149022,-109.336242,5.445732119621518
148,SHEPARDSON,07-584-14,07-584-14,7-14-S-M,AHU,AHU AKAHANGA,,Fragment,0,Broken face.,227,179,Raraku Tuff,-27.149103,-109.336733,5.492605352402016
149,SHEPARDSON,07-584-15,07-584-15,7-15-S-M,AHU,AHU AKAHANGA,,Fragment,0,Broken at neck.,,,Raraku Tuff,-27.148819,-109.33624,5.434641755549833
150,SHEPARDSON,07-584-16,07-584-16,7-16-S-M,AHU,AHU AKAHANGA,,Fragment,0,Fragment server erosion,,,Raraku Tuff,-27.148855,-109.336239,5.436485960340007
151,SHEPARDSON,07-585-01,07-585-01,7-17-S-M,AHU,AHU AKAHANGA,,Complete,0,Intact severe erosion,,133,Raraku Tuff,-27.149342,-109.336234,5.46239565074486
152,SHEPARDSON,12-460-02,12-460-02,12-7-S-M,AHU,AHU OROI,,Missing,0,Broken at chin.,348,127,Raraku Tuff,-27.142497,-109.327874,4.37576368683003
153,SHEPARDSON,12-460-04,12-460-04,12-8-S-M,AHU,AHU OROI,,Missing,0,Broken at chin.,353,107,Raraku Tuff,-27.14242,-109.327912,4.375397382157783
154,SHEPARDSON,12-397-01,12-397-01,12-9-S-M,ROAD,ROAD MOAI,"Highly probable match to 12-397-02, need field verification.",Missing,0,Broken above chin and below shoulder.,875,231,Raraku Tuff,-27.140795,-109.327536,4.2655087203237105
155,SHEPARDSON,07-Fragment-01,12-999-01,12-11-S-M,ROAD,ROAD MOAI,,Missing,0,Severe erosion. Body (?) features indistinguishable.  / ,,,Raraku Tuff,-27.138042,-109.323344,3.7637426643240746
156,SHEPARDSON,12-212-05,12-212-05,12-12-S-M,AHU,RUNGA VA E,,Indeterminate,0,"Single fragmant, Severe erosion.",,,Raraku Tuff,-27.140031,-109.318351,3.4127574948749877
157,SHEPARDSON,12-212-07,12-212-07,12-13-S-M,AHU,RUNGA VA E,,Missing,0,Features unrecognizable. ,,,Raraku Tuff,-27.140264,-109.318691,3.4547299920379126
158,SHEPARDSON,12-212-08,12-212-08,12-14-S-M,AHU,RUNGA VA E,,Missing,0,Broken at neck.,,,Raraku Tuff,-27.140253,-109.31868,3.4531856221565858
159,SHEPARDSON,12-212-09,12-212-09,12-15-S-M,AHU,RUNGA VA E,,Missing,0,Severe erosion.,,,Raraku Tuff,-27.14004,-109.318371,3.414973723241401
160,HUNT/LIPO,NONE,12-212-12,12-38-HL-M,AHU,RUNGA VA E,,,3, ,Missing,Missing,Raraku Tuff,-27.140193,-109.318652,3.4475359692876695
161,SHEPARDSON,07-584-04,07-584-04,7-42-S-M,AHU,AHU AKAHANGA,,Fragments in Association,0,Broken at neck.,487,228,Raraku Tuff,-27.149018,-109.336493,5.467246526439952
162,SHEPARDSON,07-584-05,07-584-05,7-43-S-M,AHU,AHU AKAHANGA,,Fragment,0,Broken at neck.,,226,Raraku Tuff,-27.149006,-109.336443,5.462270499967863
163,SHEPARDSON,07-584-06,07-584-06,7-44-S-M,AHU,AHU AKAHANGA,,Complete,0,Intact good condition,546,268,Raraku Tuff,-27.148983,-109.336397,5.4570497792383375
164,SHEPARDSON,07-584-07,07-584-07,7-45-S-M,AHU,AHU AKAHANGA,,Fragments in Association,0,Broken at neck.,,180,Raraku Tuff,-27.149,-109.336341,5.453114773932172
197,SHEPARDSON & HUNT/LIPO,Nau Nau-01-03,35-999-03,29-6-HLS-M,AHU,AHU NAU NAU,,Complete,1, ,,118,Raraku Tuff,-27.074388,-109.322467,6.580923603709733
198,SHEPARDSON & HUNT/LIPO,Nau Nau-01-04,35-999-04,29-7-HLS-M,AHU,AHU NAU NAU,,Complete,1, ,,133,Raraku Tuff,-27.074383,-109.322445,6.580275649269684
199,SHEPARDSON & HUNT/LIPO,New Ahu-04,26-999-04,26-4-HLS-M,AHU,AHU TE NUI,,Fragment,1, ,,180,Raraku Tuff,-27.088567,-109.407426,12.486059961913304
200,SHEPARDSON & HUNT/LIPO,Norte-01,26-998-01,16-3-HLS-M,ISOLATED,TEPEU,INTERIOR TEPEU,Fragment,1,Severe erosion.,,,Raraku Tuff,-27.099735,-109.399728,11.399533047461581
201,SHEPARDSON & HUNT/LIPO,Norte-02,26-997-01,26-5-HLS-M,ROAD,ROAD MOAI,,Complete,1,Severe erosion.  / Broken at top of head.,,87,Raraku Tuff,-27.092043,-109.39988,11.654742362540988
202,SHEPARDSON & HUNT/LIPO,Norte-03,26-996-01,26-6-HLS-M,ROAD,ROAD MOAI,,Fragments in Association,2,Severe erosion. Top of head missing.  / Broken at neck.,,200,Raraku Tuff,-27.087397,-109.399659,11.807145840511053
203,SHEPARDSON & HUNT/LIPO,Runga-02,35-995-02,29-2-HLS-M,AHU,RUNGA,,Fragment,1,Severe erosion. Body severed with flat surface at chest level.  ,,152,Raraku Tuff,-27.0797,-109.324584,6.202858352068519
204,SHEPARDSON & HUNT/LIPO,Ature Huki-01,35-998-01,29-3-HLS-M,AHU,AHU ATURE HUKE,,Complete,1, ,,227,Raraku Tuff,-27.073676,-109.322105,6.630518847612561
205,SHEPARDSON & HUNT/LIPO,Nau Nau-01-01,35-999-01,29-4-HLS-M,AHU,AHU NAU NAU,,Complete,1, ,,116,Raraku Tuff,-27.074399,-109.322515,6.582331124648854
206,HUNT/LIPO,NONE,29-999-12,29-8-HL-M,AHU,AHU NAU NAU,,Fragment,1, ,Missing,Missing,Raraku Tuff,-27.074466,-109.322253,6.562590402858731
207,SHEPARDSON & HUNT/LIPO,Tepeu-05,15-998-05,15-5-HLS-M,AHU,AHU TEPEU,,Complete,1,Intact severe erosion,408,183,Raraku Tuff,-27.100859,-109.412395,12.590972132024763
208,HUNT/LIPO,NONE,26-999-05,26-14-HL-M,AHU,AHU TE NUI,,Fragment,1, ,Missing,Missing,Raraku Tuff,-27.088877,-109.407668,12.497580363466508
165,SHEPARDSON,12-212-01,12-212-01,12-40-S-M,AHU,RUNGA VA E,,Missing,0,Severe erosion.  / Broken at mouth.,344,231,Raraku Tuff,-27.140354,-109.318766,3.4660710868616897
166,SHEPARDSON,12-212-04,12-212-04,12-41-S-M,AHU,RUNGA VA E,,Missing,0,Intact severe erosion,383,120,Raraku Tuff,-27.140172,-109.318863,3.4647148109675685
167,HUNT/LIPO,NONE,07-584-38,7-51-HL-M,AHU,AHU AKAHANGA,,,2, ,Missing,Missing,Raraku Tuff,-27.148909,-109.336484,5.460619464866344
168,SHEPARDSON,RR-259,RR-259,RR-10-S-M,QUARRY,RANO RARAKU,,Missing,0, ,815,239,Raraku Tuff,-27.124486,-109.287594,0.0953979770063685
169,SHEPARDSON,RR-260,RR-260,RR-11-S-M,QUARRY,RANO RARAKU,,Missing,0, ,,,Raraku Tuff,-27.124416,-109.287757,0.09364636015313706
170,SHEPARDSON & HUNT/LIPO,03-070-01,03-070-01,3-1-HLS-M,AHU,HANGA PIKO,,Complete,1,Restored ,Missing,226,Raraku Tuff,-27.154584,-109.43902,15.28676345907524
171,SHEPARDSON & HUNT/LIPO,03-077-01,03-077-01,3-2-HLS-M,AHU,HANGA PIKO,,Fragments in Association,1,Broken at neck.,585,176,Raraku Tuff,-27.155072,-109.438494,15.247592367429732
172,SHEPARDSON & HUNT/LIPO,02-228-01,02-228-01,2-1-HLS-M,ISOLATED,RANO KAU,,Complete,1, ,192,99,Raraku Tuff,-27.174694,-109.421298,14.279932231157932
173,SHEPARDSON & HUNT/LIPO,02-209-07,02-209-07,2-3-HLS-M,AHU,AHU VINAPU,,Fragment,1,Fragment ,Missing,,Raraku Tuff,-27.176974,-109.406678,13.065435284367734
174,SHEPARDSON & HUNT/LIPO,02-209-08,02-209-08,2-4-HLS-M,AHU,AHU VINAPU,,Fragments in Association,2,Broken at neck.,203,110,Raraku Tuff,-27.17749,-109.406714,13.093935946229502
175,SHEPARDSON & HUNT/LIPO,02-209-09,02-209-09,2-5-HLS-M,AHU,AHU VINAPU,Female Moai Komari,Fragment,1,Fragment ,Missing,,Scoria,-27.177052,-109.406895,13.088536469867943
176,SHEPARDSON & HUNT/LIPO,02-210-01,02-210-01,2-6-HLS-M,AHU,AHU VINAPU,,Fragments in Association,2,Broken at neck.,Missing,177,Raraku Tuff,-27.176465,-109.406443,13.019743686526084
177,SHEPARDSON & HUNT/LIPO,02-210-02,02-210-02,2-7-HLS-M,AHU,AHU VINAPU,,Fragment,1,Broken at neck.,398,170,Raraku Tuff,-27.17645,-109.406436,13.018392446120002
178,SHEPARDSON & HUNT/LIPO,02-210-03,02-210-03,2-8-HLS-M,AHU,AHU VINAPU,,Fragments in Association,2,Broken at neck and nose.,Missing,193,Raraku Tuff,-27.176438,-109.406433,13.017543038939849
179,SHEPARDSON & HUNT/LIPO,02-210-04,02-210-04,2-9-HLS-M,AHU,AHU VINAPU,,Fragments in Association,3,Broken at neck.,Missing,187,Raraku Tuff,-27.176398,-109.406407,13.013287487080124
180,SHEPARDSON & HUNT/LIPO,02-210-05,02-210-05,2-10-HLS-M,AHU,AHU VINAPU,,Fragments in Association,3,Broken at neck and nose.,Missing,165,Raraku Tuff,-27.17636,-109.40639,13.009931062255628
181,SHEPARDSON & HUNT/LIPO,02-210-06,02-210-06,2-11-HLS-M,AHU,AHU VINAPU,,Fragments in Association,2,Broken at chest.,405,170,Raraku Tuff,-27.176341,-109.40638,13.008119521037225
182,SHEPARDSON & HUNT/LIPO,02-210-07,02-210-07,2-12-HLS-M,AHU,AHU VINAPU,,Fragments in Association,1, ,Missing,,Raraku Tuff,-27.176399,-109.406328,13.006301464547121
183,HUNT/LIPO,NONE,02-209-11,2-15-HL-M,AHU,AHU VINAPU ,,Fragments in Association,1, ,Missing,Missing,Raraku Tuff,-27.177126,-109.406594,13.065406194041987
184,SHEPARDSON & HUNT/LIPO,02-209-01,02-209-01,2-17-HLS-M,AHU,AHU VINAPU,,Fragments in Association,2,Broken at neck.,425,190,Raraku Tuff,-27.177262,-109.406747,13.085662630328764
185,SHEPARDSON & HUNT/LIPO,02-209-02,02-209-02,2-18-HLS-M,AHU,AHU VINAPU,,Fragments in Association,2,Broken at neck.,450,166,Raraku Tuff,-27.177231,-109.406752,13.08458676950054
186,SHEPARDSON & HUNT/LIPO,02-209-03,02-209-03,2-19-HLS-M,AHU,AHU VINAPU,,Fragments in Association,2,Broken at chest.,438,182,Raraku Tuff,-27.177204,-109.406756,13.08361888844887
187,SHEPARDSON & HUNT/LIPO,02-209-04,02-209-04,2-20-HLS-M,AHU,AHU VINAPU,,Complete,1,No breaks,417,165,Raraku Tuff,-27.177181,-109.406748,13.08178145027815
188,SHEPARDSON & HUNT/LIPO,02-209-05,02-209-05,2-21-HLS-M,AHU,AHU VINAPU,,Fragments in Association,3,Broken at neck.,Missing,156,Raraku Tuff,-27.177161,-109.406773,13.083023178101685
189,SHEPARDSON & HUNT/LIPO,Tepeu-02,15-998-02,15-2-HLS-M,AHU,AHU TEPEU,,Fragment,1,"Fragments, Severe damage.  ",286,115,Raraku Tuff,-27.101077,-109.412612,12.606800129035596
190,HUNT/LIPO,NONE,15-998-07,15-3-HLS-M,AHU,AHU TEPEU,,,1,Broken at neck.,Missing,Missing,Raraku Tuff,-27.100861,-109.412333,12.584929278311801
191,SHEPARDSON & HUNT/LIPO,Loco-02,34-999-02,34-2-HLS-M,AHU,MOTU RAU NUKU,,,2,Severe erosion. Damage to left side of base.  ,,82,Raraku Tuff,-27.060113,-109.346921,9.27283642213762
192,SHEPARDSON & HUNT/LIPO,Loco-05,34-999-04,34-3-HLS-M,AHU,MOTU RAU NUKU,,,1,Severe erosion.,,75,Raraku Tuff,-27.060026,-109.347039,9.287685483772616
193,SHEPARDSON & HUNT/LIPO,Loco-07,34-999-05,34-4-HLS-M,AHU,MOTU RAU NUKU,,,1,Severe erosion.,,78,Raraku Tuff,-27.060015,-109.347158,9.296032563031462
194,SHEPARDSON & HUNT/LIPO,New Ahu-02,26-999-02,26-2-HLS-M,AHU,AHU TE NUI,,,1,Fragments,,60,Raraku Tuff,-27.088863,-109.407789,12.509420993890334
195,SHEPARDSON & HUNT/LIPO,Otoki-01,33-999-01,33-2-HLS-M,AHU,UKNOWN AHU,,,2,Severe erosion.,,81,Raraku Tuff,-27.057272,-109.368396,10.949483369190403
196,SHEPARDSON & HUNT/LIPO,Nau Nau-01-02,35-999-02,29-5-HLS-M,AHU,AHU NAU NAU,,Complete,1, ,,130,Raraku Tuff,-27.074396,-109.322493,6.581491508806236
209,HUNT/LIPO,NONE,32-998-03,32-8-HL-M,AHU,VAI MATA,,Fragment,1, ,Missing,Missing,Raraku Tuff,-27.06551,-109.394208,12.412279626760471
210,HUNT/LIPO,NONE,Museum-14,Museum-14,MUSEUM,ENGLERT MUSEUM,,Fragment,1, ,Missing,Missing,Raraku Tuff,-27.13758,-109.42372,13.489908946117822
211,HUNT/LIPO,NONE,Museum-15,Museum-15,MUSEUM,ENGLERT MUSEUM,,Complete,1, ,Missing,Missing,Raraku Tuff,-27.137436,-109.424486,13.563735927225904
212,HUNT/LIPO,NONE,35-999-11,29-21-HL-M,AHU,AHU NAU NAU,AHU NAU NAU (FRONT OF AHU),Fragment,1, ,Missing,Missing,Raraku Tuff,-27.074451,-109.322252,6.563967630208632
213,HUNT/LIPO,NONE,35-998-02,29-23-HL-M,AHU,AHU ATURE HUKE,,Fragment,1, ,Missing,Missing,Raraku Tuff,-27.073689,-109.322224,6.635252944284499
214,SHEPARDSON & HUNT/LIPO,MTM-001-01,32-998-02,32-12-HLS-M,AHU,VAI MATA,,Complete,1,Broken at chest,442,164,Raraku Tuff,-27.065535,-109.39405,12.397571104696087
215,SHEPARDSON & HUNT/LIPO,MTM-001-02,32-998-01,32-13-HLS-M,AHU,VAI MATA,,Fragments in Association,1, ,492,,Raraku Tuff,-27.065554,-109.394072,12.398286787841526
216,SHEPARDSON & HUNT/LIPO,MTM-001-03,32-998-03,32-14-HLS-M,AHU,VAI MATA,,Fragment,1, ,,,Raraku Tuff,-27.065515,-109.394191,12.410560095413231
217,SHEPARDSON & HUNT/LIPO,MTM-001-04,32-998-04,32-15-HLS-M,AHU,VAI MATA,,Fragments in Association,2, ,407,,Raraku Tuff,-27.06558,-109.3943,12.415842200549163
218,SHEPARDSON & HUNT/LIPO,MTM-002-01,32-997-01,32-16-HLS-M,ISOLATED,VAI MATA,,Complete,1, ,655,224,Raraku Tuff,-27.066719,-109.393678,12.29659556790904
219,SHEPARDSON & HUNT/LIPO,RR-035,RR-035,RR-24-HLS-M,QUARRY NOT BEDROCK,RANO RARAKU,,Fragments in Association,2,Broken at nose.,1005,284,Raraku Tuff,-27.127234,-109.287194,0.24813472706783324
220,SHEPARDSON & HUNT/LIPO,14-548-04,14-548-04,14-1-HLS-M,AHU,AHU TONGARIKI,,Fragment,1,"Restored , Damage to face.  ",Missing,,Raraku Tuff,-27.125926,-109.276898,1.1190372458068791
221,SHEPARDSON & HUNT/LIPO,14-548-05,14-548-05,14-2-HLS-M,AHU,AHU TONGARIKI,,Complete,1,Restored ,Missing,,Raraku Tuff,-27.125891,-109.276865,1.1220133165874024
222,SHEPARDSON & HUNT/LIPO,14-548-06,14-548-06,14-3-HLS-M,AHU,AHU TONGARIKI,,Complete,1,Restored ,Missing,,Raraku Tuff,-27.125846,-109.276841,1.1240413370511
223,SHEPARDSON & HUNT/LIPO,14-548-07,14-548-07,14-4-HLS-M,AHU,AHU TONGARIKI,,Complete,1,Restored ,Missing,,Raraku Tuff,-27.12581,-109.276813,1.1265501839118095
224,SHEPARDSON & HUNT/LIPO,Otoki-02,33-999-02,33-3-HLS-M,AHU,UKNOWN AHU,,,1,Severe erosion.,,52,Raraku Tuff,-27.05731,-109.368316,10.940835218041432
225,SHEPARDSON & HUNT/LIPO,Otoki-03,33-999-03,33-4-HLS-M,AHU,UKNOWN AHU,,,1,Severe erosion.,,69,Raraku Tuff,-27.057332,-109.368438,10.947917634662709
226,SHEPARDSON,Nau-01,34-998-01,29-1-S-M,ROAD,ROAD MOAI,,Missing,0,Severe erosion.  / Broken at neck.,,77,Raraku Tuff,-27.075644,-109.339899,7.513570898762367
227,SHEPARDSON & HUNT/LIPO,Nau Nau-01-07,35-999-07,29-11-HLS-M,AHU,AHU NAU NAU,,,1, ,,103,Raraku Tuff,-27.074362,-109.322372,6.57855026241007
228,SHEPARDSON & HUNT/LIPO,Nau Nau-01-09,35-999-09,29-13-HLS-M,AHU,AHU NAU NAU,,,1, ,,91,Raraku Tuff,-27.074354,-109.322226,6.571884653818903
229,SHEPARDSON,Runga-01,35-995-01,29-14-S-M,AHU,RUNGA,,Missing,0,Severe erosion.,,120,Raraku Tuff,-27.079835,-109.324382,6.179046113094462
230,SHEPARDSON,Badboy-01,32-999-01,26-7-S-M,AHU,AHU MAITAKI TE MOA,,Missing,0, ,193,121,Raraku Tuff,-27.074313,-109.400372,12.4603910377303
232,HUNT/LIPO,NONE,15-998-05,15-7-HL-M,AHU,AHU TEPEU,,,1, ,Missing,Missing,Raraku Tuff,-27.100778,-109.412324,12.5860381021597
233,HUNT/LIPO,NONE,15-998-06,15-8-HL-M,AHU,AHU TEPEU,,,1, ,Missing,Missing,Raraku Tuff,-27.10078,-109.412359,12.589374214691846
234,SHEPARDSON & HUNT/LIPO,32-999-02,32-999-02,26-9-HLS-M,AHU,AHU MAITAKI TE MOA,BEHIND AHU MAITAKI TE MOA,,1, ,Missing,,Raraku Tuff,-27.074159,-109.400381,12.468939282894027
235,HUNT/LIPO,NONE,32-998-04,32-1-HL-M,AHU,VAI MATA,,,1, ,Missing,Missing,Raraku Tuff,-27.065598,-109.394307,12.415364304891831
236,HUNT/LIPO,NONE,32-998-05,32-2-HL-M,AHU,VAI MATA,,,1, ,Missing,Missing,Raraku Tuff,-27.06557,-109.394302,12.416601183119738
237,HUNT/LIPO,NONE,32-998-06,32-3-HL-M,AHU,VAI MATA,,,1, ,Missing,Missing,Raraku Tuff,-27.065515,-109.394211,12.412234701095807
238,HUNT/LIPO,NONE,32-998-07,32-4-HL-M,AHU,VAI MATA,,,1, ,Missing,Missing,Raraku Tuff,-27.065498,-109.394203,12.41257177006103
239,HUNT/LIPO,NONE,32-998-08,32-5-HL-M,AHU,VAI MATA,,,1, ,Missing,Missing,Raraku Tuff,-27.065542,-109.394051,12.397239927788343
240,HUNT/LIPO,NONE,32-998-09,32-6-HL-M,AHU,VAI MATA,,,1, ,Missing,Missing,Raraku Tuff,-27.065566,-109.394071,12.397492125361703
241,HUNT/LIPO,NONE,32-997-02,32-7-HL-M,ISOLATED,VAI MATA,,,1, ,Missing,Missing,Raraku Tuff,-27.066717,-109.393677,12.29662861915803
242,HUNT/LIPO,NONE,26-999-06,26-10-HL-M,AHU,MAITAKI TE MOA,,,1, ,Missing,Missing,Raraku Tuff,-27.082691,-109.40386,12.386135910778462
243,HUNT/LIPO,NONE,26-999-07,26-11-HL-M,AHU,MAITAKI TE MOA,,,1, ,Missing,Missing,Raraku Tuff,-27.082705,-109.403863,12.38581899186984
244,HUNT/LIPO,NONE,26-999-08,26-12-HL-M,AHU,MAITAKI TE MOA,,,1, ,Missing,Missing,Raraku Tuff,-27.082694,-109.403827,12.382988209021201
245,HUNT/LIPO,NONE,26-999-09,26-13-HL-M,AHU,MAITAKI TE MOA,,,1, ,Missing,Missing,Raraku Tuff,-27.082702,-109.403829,12.382833177229896
246,HUNT/LIPO,NONE,15-999-03,15-13-HL-M,AHU,PARE,WEST COAST AHU,,1, ,Missing,Missing,Raraku Tuff,-27.123562,-109.421396,13.19058917970478
247,HUNT/LIPO,NONE,15-999-01,15-14-HL-M,AHU,PARE,WEST COAST AHU,,1, ,Missing,Missing,Raraku Tuff,-27.123774,-109.421353,13.186034050267596
248,HUNT/LIPO,NONE,34-999-08,34-16-HL-M,AHU,MOTU RAU NUKU,,,2, ,Missing,Missing,Raraku Tuff,-27.059963,-109.346901,9.284569585241599
249,HUNT/LIPO,NONE,26-999-10,26-15-HL-M,AHU,AHU TE NUI,,,2, ,Missing,Missing,Raraku Tuff,-27.088758,-109.407508,12.486856952005342
250,HUNT/LIPO,NONE,26-999-11,26-16-HL-M,AHU,AHU TE NUI,,,1, ,Missing,Missing,Raraku Tuff,-27.088722,-109.407493,12.48674624226168
251,HUNT/LIPO,NONE,26-999-12,26-17-HL-M,AHU,AHU TE NUI,,,1, ,Missing,Missing,Raraku Tuff,-27.08867,-109.40742,12.481782035652694
252,HUNT/LIPO,NONE,16-998-02,16-4-HL-M,AHU,TEPEU,INTERIOR TEPEU,,1, ,Missing,Missing,Raraku Tuff,-27.099716,-109.399259,11.355079680140323
253,HUNT/LIPO,NONE,32-999-04,32-9-HL-M,AHU,VAI MATA,,,1, ,Missing,Missing,Raraku Tuff,-27.057325,-109.385344,12.217609468042196
254,HUNT/LIPO,NONE,33-999-09,33-5-HL-M,AHU,HANGA O TEO,,,1, ,Missing,Missing,Raraku Tuff,-27.056512,-109.373008,11.341571431468234
255,HUNT/LIPO,NONE,34-999-09,34-6-HL-M,AHU,MOTU RAU NUKU,,,1, ,Missing,Missing,Raraku Tuff,-27.060028,-109.346991,9.28453142955204
256,HUNT/LIPO,NONE,34-999-10,34-7-HL-M,AHU,MOTU RAU NUKU,,,2, ,Missing,Missing,Raraku Tuff,-27.060026,-109.347123,9.292906037022535
257,HUNT/LIPO,NONE,34-999-11,34-8-HL-M,AHU,MOTU RAU NUKU,,,1, ,Missing,Missing,Raraku Tuff,-27.059965,-109.347154,9.300102734764153
258,HUNT/LIPO,NONE,34-999-12,34-9-HL-M,AHU,MOTU RAU NUKU,,,1, ,Missing,Missing,Raraku Tuff,-27.059983,-109.347216,9.302403610264943
259,HUNT/LIPO,NONE,34-999-13,34-10-HL-M,AHU,MOTU RAU NUKU,,,1, ,Missing,Missing,Raraku Tuff,-27.060038,-109.347201,9.296721773809045
260,HUNT/LIPO,NONE,34-999-14,34-11-HL-M,AHU,MOTU RAU NUKU,NORTHEAST COAST AHU,,1, ,Missing,Missing,Raraku Tuff,-27.060024,-109.347246,9.300731161564803
261,HUNT/LIPO,NONE,34-999-15,34-12-HL-M,AHU,MOTU RAU NUKU,,,1, ,Missing,Missing,Raraku Tuff,-27.060057,-109.347442,9.310100950623113
262,HUNT/LIPO,NONE,Museum-09,Museum-09,MUSEUM,ENGLERT MUSEUM,,,1, ,Missing,Missing,Raraku Tuff,-27.137451,-109.423664,13.48293925838704
263,HUNT/LIPO,NONE,Museum-10,Museum-10,MUSEUM,ENGLERT MUSEUM,,,1, ,Missing,Missing,Raraku Tuff,-27.137435,-109.423663,13.482661390574137
264,HUNT/LIPO,NONE,Museum-11,Museum-11,MUSEUM,ENGLERT MUSEUM,,,2, ,Missing,Missing,Raraku Tuff,-27.137417,-109.423661,13.482262879054463
265,HUNT/LIPO,NONE,Museum-12,Museum-12,MUSEUM,ENGLERT MUSEUM,,,1, ,Missing,Missing,Raraku Tuff,-27.137406,-109.423664,13.482435360933106
266,HUNT/LIPO,NONE,15-998-09,15-15-HL-M,AHU,AHU TEPEU,,,1,Broken just above neck.,Missing,Missing,Raraku Tuff,-27.100819,-109.412389,12.59134451677189
267,HUNT/LIPO,NONE,33-999-06,33-6-HL-M,AHU,UKNOWN AHU,,,1, ,Missing,Missing,Raraku Tuff,-27.057333,-109.368467,10.949925387410348
268,HUNT/LIPO,NONE,33-999-11,33-7-HL-M,AHU,UKNOWN AHU,,,1, ,Missing,Missing,Raraku Tuff,-27.057368,-109.368262,10.932525555085716
269,HUNT/LIPO,NONE,33-999-07,33-8-HL-M,AHU,UKNOWN AHU,,,1, ,Missing,Missing,Raraku Tuff,-27.057252,-109.368454,10.95517683511659
270,HUNT/LIPO,NONE,33-999-08,33-9-HL-M,AHU,UKNOWN AHU,,,2, ,Missing,Missing,Raraku Tuff,-27.057234,-109.36848,10.95841935050466
271,HUNT/LIPO,NONE,33-999-10,33-10-HL-M,AHU,UKNOWN AHU,,,2, ,Missing,Missing,Raraku Tuff,-27.057018,-109.368845,11.001138998892431
272,HUNT/LIPO,NONE,34-999-16,34-13-HL-M,AHU,MOTU RAU NUKU,,,1, ,Missing,Missing,Raraku Tuff,-27.06004,-109.346907,9.278279894010511
273,HUNT/LIPO,NONE,34-999-17,34-14-HL-M,AHU,MOTU RAU NUKU,,,3, ,Missing,Missing,Raraku Tuff,-27.060052,-109.346931,9.278731445371958
274,HUNT/LIPO,NONE,34-999-18,34-15-HL-M,AHU,MOTU RAU NUKU,,,1, ,Missing,Missing,Raraku Tuff,-27.060051,-109.346948,9.279873167461936
275,HUNT/LIPO,NONE,35-999-16,29-22-HL-M,AHU,AHU NAU NAU,,,3, ,Missing,Missing,Raraku Tuff,-27.074444,-109.322254,6.564735899466212
276,HUNT/LIPO,NONE,35-999-17,29-24-HL-M,AHU,AVA ANAKENA,,,1, ,Missing,Missing,Raraku Tuff,-27.074924,-109.323268,6.5716122317227175
277,SHEPARDSON,Norte-04,32-996-01,32-10-S-M,ISOLATED,OMOHI,,Missing,0,Severe erosion. Channel carved lengthwise on stomach and back.  / Broken at neck.,185,,Raraku Tuff,-27.063631,-109.385955,11.848377537312064
278,SHEPARDSON & HUNT/LIPO,Badboy-02,32-999-02B,26-18-HLS-M,AHU,AHU MAITAKI TE MOA,,,1,Top of head missing.  / Broken at neck and eyes.,Missing,,Raraku Tuff,-27.074135,-109.400424,12.473941815277652
279,SHEPARDSON & HUNT/LIPO,Solo-O1,32-995-01,32-11-HLS-M,AHU,MOTU TAVAKE,,,1, ,253,124,Raraku Tuff,-27.070368,-109.398964,12.542736013254563
280,SHEPARDSON,Museo-01,Museum-01,Museum-01,MUSEUM,ENGLERT MUSEUM,,Missing,0, ,297,,Raraku Tuff,-27.137555,-109.424481,13.564575217342336
281,SHEPARDSON,Museo-07,Museum-07,Museum-07,MUSEUM,ENGLERT MUSEUM,,Missing,0,Excellent preservation.  ,Missing,,Raraku Tuff,-27.137607,-109.424491,13.566146038546483
282,SHEPARDSON,Museo-08,Museum-08,Museum-08,MUSEUM,ENGLERT MUSEUM,,Missing,0,Severe erosion.,Missing,,Raraku Tuff,-27.137567,-109.42447,13.563626836217503
283,SHEPARDSON,Museo-05,Museum-05,Museum-05,MUSEUM,ENGLERT MUSEUM,,Missing,0,Severe erosion.,Missing,,Raraku Tuff,-27.137478,-109.423677,13.484522858371728
284,SHEPARDSON,Museo-06,Museum-06,Museum-06,MUSEUM,ENGLERT MUSEUM,,Missing,0,Severe erosion. Top part of head/face missing.  ,Missing,,Raraku Tuff,-27.137451,-109.423671,13.483628710377271
285,SHEPARDSON,Pare-01,15-999-01,15-16-S-M,AHU,PARE,,Missing,0,Broken at neck.,,82,Raraku Tuff,-27.123589,-109.421378,13.188766998950554
286,SHEPARDSON,08-345-01,08-345-01,8-31-S-M,AHU,O PARE,,Fragments in Association,0,Broken diagonally across chest.,440,186,Raraku Tuff,-27.127636,-109.420749,13.128163380621826
287,SHEPARDSON,Tepeu-03,15-998-03,15-17-S-M,AHU,AHU TEPEU,,Fragment,0,"Fragments, Severe damage.  ",,100,Raraku Tuff,-27.101103,-109.412575,12.602608352920987
288,SHEPARDSON,Tepeu-04,15-998-04,15-18-S-M,AHU,AHU TEPEU,,Fragment,0,Fragment missing head,257,97,Raraku Tuff,-27.101084,-109.412535,12.599185863239473
289,SHEPARDSON,Loco-04,34-999-03,34-18-S-M,AHU,MOTU RAU NUKU,,Missing,0,Severe erosion.,,72,Raraku Tuff,-27.060126,-109.347009,9.277180337066127
290,SHEPARDSON,Loco-08,34-999-06,34-20-S-M,AHU,MOTU RAU NUKU,,Missing,0,Severe erosion.,,52,Raraku Tuff,-27.060112,-109.34693,9.273481768443515
291,SHEPARDSON,RR-A-096,RR-A-096,RR-39-S-M,QUARRY,RANO RARAKU,,Missing,0, ,,,Raraku Tuff,-27.125673,-109.288875,0.08903369760461903
292,SHEPARDSON,RR-A-097,RR-A-097,RR-40-S-M,QUARRY,RANO RARAKU,,Missing,0, ,,,Raraku Tuff,-27.125652,-109.288898,0.08943018502236635
293,SHEPARDSON,RR-A-098,RR-A-098,RR-41-S-M,QUARRY,RANO RARAKU,,Missing,0, ,,,Raraku Tuff,-27.125621,-109.28885,0.08356330795293802
294,SHEPARDSON,RR-D-08,RR-D-08,RR-1-S-M,QUARRY,RANO RARAKU,,Missing,0, ,,,Raraku Tuff,-27.124637,-109.287393,0.09738268559130311
295,SHEPARDSON,RR-D-09,RR-D-09,RR-2-S-M,QUARRY,RANO RARAKU,,Missing,0, ,,163,Raraku Tuff,-27.124653,-109.287431,0.09332634828890102
296,SHEPARDSON,RR-D-10,RR-D-10,RR-3-S-M,QUARRY,RANO RARAKU,,Missing,0, ,,,Raraku Tuff,-27.124607,-109.287379,0.10053531610757624
297,SHEPARDSON,RR-D-14,RR-D-14,RR-4-S-M,QUARRY,RANO RARAKU,,Missing,0, ,,,Raraku Tuff,-27.124651,-109.287379,0.097546657435635
298,SHEPARDSON,RR-D-17,RR-D-17,RR-5-S-M,QUARRY,RANO RARAKU,,Missing,0, ,,,Raraku Tuff,-27.124615,-109.287311,0.10533678028521105
299,SHEPARDSON,RR-D-18,RR-D-18,RR-6-S-M,QUARRY,RANO RARAKU,,Missing,0,Severe erosion.,,,Raraku Tuff,-27.124537,-109.287209,0.1186027758729995
300,SHEPARDSON,RR-D-19,RR-D-19,RR-7-S-M,QUARRY,RANO RARAKU,,Missing,0, ,704,,Raraku Tuff,-27.124564,-109.287161,0.12073897432856885
301,SHEPARDSON,RR-257,RR-257,RR-8-S-M,QUARRY,RANO RARAKU,,Missing,0,Extremely well preserved. ,,,Raraku Tuff,-27.124604,-109.287572,0.08672962564729707
302,SHEPARDSON,RR-258,RR-258,RR-9-S-M,QUARRY,RANO RARAKU,,Missing,0,Pronounced goatee.  ,638,185,Raraku Tuff,-27.124523,-109.287624,0.09033017934211944
303,SHEPARDSON,RR-264,RR-264,RR-15-S-M,QUARRY,RANO RARAKU,,Missing,0, ,,,Raraku Tuff,-27.124243,-109.287618,0.11699880430142061
304,SHEPARDSON,RR-265,RR-265,RR-16-S-M,QUARRY,RANO RARAKU,,Missing,0, ,,,Raraku Tuff,-27.124215,-109.287558,0.12258033832493766
305,SHEPARDSON,RR-266,RR-266,RR-17-S-M,QUARRY,RANO RARAKU,,Missing,0,Severe erosion.,,,Raraku Tuff,-27.124331,-109.287435,0.118623088312613
306,SHEPARDSON,RR-D-36,RR-D-36,RR-18-S-M,QUARRY,RANO RARAKU,,Missing,0, ,,,Raraku Tuff,-27.124108,-109.286924,0.17100740418135874
307,SHEPARDSON,RR-D-37,RR-D-37,RR-19-S-M,QUARRY,RANO RARAKU,,Missing,0, ,,,Raraku Tuff,-27.124028,-109.287046,0.16909159253129738
308,SHEPARDSON,RR-D-38,RR-D-38,RR-20-S-M,QUARRY,RANO RARAKU,,Missing,0,Severe erosion.,285,211,Raraku Tuff,-27.124019,-109.286996,0.1731285040995811
309,SHEPARDSON,RR-AU-02,RR-AU-02,RR-53-S-M,QUARRY,RANO RARAKU,,Missing,0, ,,,Raraku Tuff,-27.125709,-109.289391,0.13462963907345368
310,SHEPARDSON,RR-B-13,RR-B-13,RR-54-S-M,QUARRY,RANO RARAKU,,Missing,0,Severe erosion.,493,,Raraku Tuff,-27.125241,-109.288328,0.017272592163350885
311,SHEPARDSON,RR-D-25,RR-D-25,RR-55-S-M,QUARRY,RANO RARAKU,,Missing,0, ,,,Raraku Tuff,-27.124651,-109.287509,0.08755177677752823
312,SHEPARDSON,RR-A-086,RR-A-086,RR-56-S-M,QUARRY,RANO RARAKU,,Missing,0, ,,,Raraku Tuff,-27.125579,-109.288643,0.06483634987406112
313,SHEPARDSON,RR-A-087,RR-A-087,RR-57-S-M,QUARRY,RANO RARAKU,,Missing,0, ,,,Raraku Tuff,-27.125563,-109.288723,0.06965692092767832
314,SHEPARDSON,RR-A-088,RR-A-088,RR-58-S-M,QUARRY,RANO RARAKU,,Missing,0, ,,,Raraku Tuff,-27.125591,-109.288799,0.07752354750046632
315,SHEPARDSON,RR-A-089,RR-A-089,RR-59-S-M,QUARRY,RANO RARAKU,,Missing,0, ,724,200,Raraku Tuff,-27.125618,-109.288794,0.07895731824872781
316,SHEPARDSON,RR-A-090,RR-A-090,RR-60-S-M,QUARRY,RANO RARAKU,,Missing,0,Broken at chin.,,,Raraku Tuff,-27.125783,-109.288985,0.10518887473987959
317,SHEPARDSON,RR-A-091,RR-A-091,RR-61-S-M,QUARRY,RANO RARAKU,,Missing,0, ,,,Raraku Tuff,-27.125759,-109.288974,0.10265317429107702
318,SHEPARDSON,RR-A-092,RR-A-092,RR-62-S-M,QUARRY,RANO RARAKU,,Missing,0, ,,,Raraku Tuff,-27.125736,-109.288856,0.0921411354229978
319,SHEPARDSON,RR-A-093,RR-A-093,RR-63-S-M,QUARRY,RANO RARAKU,,Missing,0,Severe erosion. Damage to forehead.  ,,,Raraku Tuff,-27.125703,-109.288868,0.09060896240457629
320,SHEPARDSON,RR-A-094,RR-A-094,RR-64-S-M,QUARRY,RANO RARAKU,,Missing,0, ,,,Raraku Tuff,-27.125695,-109.288848,0.0885266134228775
321,SHEPARDSON,RR-A-095,RR-A-095,RR-65-S-M,QUARRY,RANO RARAKU,,Missing,0,Broken at mouth and chest.,944,,Raraku Tuff,-27.125634,-109.28892,0.09004922598884242
322,SHEPARDSON,RR-D-26,RR-D-26,RR-66-S-M,QUARRY,RANO RARAKU,,Missing,0, ,,,Raraku Tuff,-27.124538,-109.287057,0.13092232360347186
323,SHEPARDSON,RR-D-27,RR-D-27,RR-67-S-M,QUARRY,RANO RARAKU,,Missing,0, ,,,Raraku Tuff,-27.124417,-109.287111,0.13442781827029676
324,SHEPARDSON,RR-D-28,RR-D-28,RR-68-S-M,QUARRY,RANO RARAKU,,Missing,0, ,,,Raraku Tuff,-27.124155,-109.287095,0.15538677236179094
325,SHEPARDSON,RR-D-29,RR-D-29,RR-69-S-M,QUARRY,RANO RARAKU,,Missing,0,Severe erosion.,,,Raraku Tuff,-27.124146,-109.287055,0.1588421486443271
326,SHEPARDSON,RR-D-30,RR-D-30,RR-70-S-M,QUARRY,RANO RARAKU,,Missing,0,Good preservation,453,207,Raraku Tuff,-27.12429,-109.287032,0.1494752202505412
352,SHEPARDSON & HUNT/LIPO,Road-NW-08,20-998-08,20-12-HLS-M,AHU,UKNOWN AHU,RANO RARAKU NORTH ROAD,Fragment,1, ,Missing,92,Raraku Tuff,-27.10882,-109.311559,2.9423267162483677
353,SHEPARDSON & HUNT/LIPO,Road-NW-09,20-998-09,20-13-HLS-M,AHU,UKNOWN AHU,RANO RARAKU NORTH ROAD,Fragment,1, ,Missing,98,Raraku Tuff,-27.108811,-109.311573,2.94403383129773
354,SHEPARDSON & HUNT/LIPO,Maze-01,30-999-01,30-5-HLS-M,AHU,O HAE,,Fragments in Association,2,Heavy longitudinal drainage erosion,,95,Raraku Tuff,-27.080127,-109.309126,5.413633514962258
355,HUNT/LIPO,NONE,31-999-09,31-4-HL-M,AHU,HEKII,,Fragment,1, ,Missing,Missing,Raraku Tuff,-27.088379,-109.299786,4.243162397904642
356,HUNT/LIPO,NONE,31-999-10,31-8-HL-M,AHU,HEKII,,Fragment,1, ,Missing,Missing,Raraku Tuff,-27.088271,-109.300027,4.261213624659797
360,SHEPARDSON & HUNT/LIPO,RR-251,RR-251,RR-183-HLS-M,QUARRY NOT BEDROCK,RANO RARAKU,,Complete,1, ,272,152,Raraku Tuff,-27.124687,-109.288549,0.0658938363205244
361,SHEPARDSON & HUNT/LIPO,RR-244,RR-244,RR-184-HLS-M,QUARRY NOT BEDROCK,RANO RARAKU,,Complete,1,Preform or severe erosion.  ,,,Raraku Tuff,-27.124602,-109.288914,0.09731674031305816
362,SHEPARDSON & HUNT/LIPO,RR-245,RR-245,RR-185-HLS-M,QUARRY NOT BEDROCK,RANO RARAKU,,,1, ,,,Raraku Tuff,-27.124583,-109.288844,0.09365055269463744
363,HUNT/LIPO,NONE,13-130-02,13-14-HL-M,AHU,HANGA PU NGAO,,Fragment,1, ,Missing,Missing,Raraku Tuff,-27.138804,-109.29573,1.6878340440823474
364,HUNT/LIPO,NONE,13-130-03,13-15-HL-M,AHU,HANGA PU NGAO,,Fragment,1, ,Missing,Missing,Raraku Tuff,-27.138765,-109.29575,1.6848359731739075
365,HUNT/LIPO,NONE,06-191-09,6-24-HL-M,AHU,AHU TARAKIU,,,1, ,Missing,Missing,Raraku Tuff,-27.16731,-109.365581,8.97810212567034
366,HUNT/LIPO,NONE,06-191-10,6-25-HL-M,AHU,AHU TARAKIU,,,1, ,Missing,Missing,Raraku Tuff,-27.167241,-109.365235,8.944880307388688
367,SHEPARDSON & HUNT/LIPO,08-003-02,08-003-02,8-2-HLS-M,AHU,AHU VAI URI,,Complete,1,Intact severe erosion,Missing,,Raraku Tuff,-27.139785,-109.427424,13.88120185205297
327,SHEPARDSON,RR-A-116,RR-A-116,RR-21-S-M,QUARRY,RANO RARAKU,,Missing,0,Difficult to distinguish features.  ,,,Raraku Tuff,-27.125576,-109.289167,0.10827516488208314
328,SHEPARDSON,RR-A-117,RR-A-117,RR-22-S-M,QUARRY,RANO RARAKU,,Missing,0, ,,,Raraku Tuff,-27.125549,-109.289101,0.10108677834989742
329,SHEPARDSON,RR-A-118,RR-A-118,RR-23-S-M,QUARRY,RANO RARAKU,,Missing,0, ,,,Raraku Tuff,-27.125515,-109.289233,0.11179952490531261
330,SHEPARDSON & HUNT/LIPO,14-548-08,14-548-08,14-5-HLS-M,AHU,AHU TONGARIKI,,Complete,1,Restored ,Missing,,Raraku Tuff,-27.125772,-109.276807,1.126887114690517
331,SHEPARDSON & HUNT/LIPO,Puna-01,35-996-01,30-1-HLS-M,AHU,PUNA RERE TAKATEA,,Fragment,1, ,,89,Raraku Tuff,-27.078144,-109.310974,5.687683529671543
332,SHEPARDSON & HUNT/LIPO,13-033-01,13-033-01,13-1-HLS-M,AHU,KOE-HOKO,,Fragment,1,Part of head missing.  ,Missing,,Raraku Tuff,-27.137859,-109.306831,2.322774386052211
333,SHEPARDSON & HUNT/LIPO,13-052-01,13-052-01,13-2-HLS-M,ROAD,ROAD MOAI,,Complete,1,Intact severe erosion,742,254,Raraku Tuff,-27.134942,-109.304313,1.9311806832655212
334,SHEPARDSON & HUNT/LIPO,13-330-01,13-330-01,13-3-HLS-M,ROAD,ROAD MOAI,WESTERN MOAI ROAD,Fragments in Association,5,Severe erosion.  / Broken at chest and nose.,620,187,Raraku Tuff,-27.123696,-109.304091,1.5847055564374781
335,SHEPARDSON & HUNT/LIPO,Road-NW-10,20-997-01,20-2-HLS-M,ROAD,ROAD MOAI,RANO RARAKU NORTH ROAD,Fragments in Association,2,"Severe erosion.  / Broken at chest, nose, and face.",1066,237,Raraku Tuff,-27.11344,-109.306107,2.202285611448851
336,SHEPARDSON & HUNT/LIPO,O Hae-01,30-998-01,30-2-HLS-M,AHU,O HAE,,Complete,1,Severe erosion.,218,111,Raraku Tuff,-27.081089,-109.306122,5.2062849429917835
337,SHEPARDSON & HUNT/LIPO,13-096-01,13-096-01,13-6-HLS-M,ROAD,ROAD MOAI,,Fragments in Association,4,"Fragments, Severe damage.  ",846,223,Raraku Tuff,-27.134201,-109.303269,1.7995014827999967
338,SHEPARDSON & HUNT/LIPO,Road-NW-12,20-995-01,20-3-HLS-M,ROAD,ROAD MOAI,RANO RARAKU NORTH ROAD,Fragments in Association,2,Severe erosion on back.  / Broken at neck.,552,160,Raraku Tuff,-27.115289,-109.303304,1.8571400729273253
339,SHEPARDSON & HUNT/LIPO,Pirca-01,31-997-01,31-1-HLS-M,AHU,HEKII,,Fragment,1,Broken at neck.,241,81,Raraku Tuff,-27.087865,-109.300635,4.321356172467686
340,SHEPARDSON & HUNT/LIPO,Paro,30-997-01,31-2-HLS-M,AHU,AHU TE PITO KURA,,Fragments in Association,2,Dimples carved on the left hand.  / Broken at chest.,979,278,Raraku Tuff,-27.085363,-109.301634,4.6157822753593205
341,SHEPARDSON & HUNT/LIPO,13-509-01,13-509-01,13-7-HLS-M,ROAD,ROAD MOAI,,Fragments in Association,1,Broken at face.,873,242,Raraku Tuff,-27.131419,-109.296452,1.0736065190663273
342,SHEPARDSON & HUNT/LIPO,13-413-01,13-413-01,13-8-HLS-M,ROAD,ROAD MOAI,RANO RARAKU NORTH ROAD,Complete,1,Intact severe erosion,590,,Raraku Tuff,-27.118258,-109.298025,1.241523275413701
343,SHEPARDSON & HUNT/LIPO,RR-068,RR-068,RR-30-HLS-M,QUARRY NOT BEDROCK,RANO RARAKU,,Fragments in Association,3,Broken at chest and mouth.,962,261,Raraku Tuff,-27.127116,-109.288099,0.2155656286194361
344,SHEPARDSON & HUNT/LIPO,RR-095,RR-095,RR-35-HLS-M,QUARRY NOT BEDROCK,RANO RARAKU,,Complete,1, ,,,Raraku Tuff,-27.12623,-109.289182,0.15411429644611604
345,SHEPARDSON & HUNT/LIPO,RR-096,RR-096,RR-36-HLS-M,QUARRY NOT BEDROCK,RANO RARAKU,,Complete,1, ,,,Raraku Tuff,-27.126186,-109.289273,0.15658077037126197
346,SHEPARDSON & HUNT/LIPO,RR-097,RR-097,RR-37-HLS-M,QUARRY NOT BEDROCK,RANO RARAKU,,Complete,1, ,,,Raraku Tuff,-27.126204,-109.289293,0.15939355473235864
347,SHEPARDSON & HUNT/LIPO,RR-098,RR-098,RR-38-HLS-M,QUARRY NOT BEDROCK,RANO RARAKU,,Complete,1, ,,,Raraku Tuff,-27.126107,-109.289466,0.164815753859649
348,SHEPARDSON & HUNT/LIPO,Road-I-01,19-999-01,12-21-HLS-M,ROAD,ROAD MOAI,WESTERN MOAI ROAD,Complete,1,"Good preservation on face, severe erosion on back.  ",591,,Raraku Tuff,-27.122626,-109.317688,2.9359473028736005
349,SHEPARDSON & HUNT/LIPO,Kihikihi-01,35-997-01,30-4-HLS-M,AHU,OVAHE,,Fragments in Association,2,Severe erosion.,,89,Raraku Tuff,-27.076856,-109.313763,5.931764262268818
350,SHEPARDSON & HUNT/LIPO,12-030-01,12-030-01,12-28-HLS-M,ROAD,ROAD MOAI,,Complete,1,Missing base on right.  ,780,,Raraku Tuff,-27.136997,-109.310724,2.589899674945042
351,SHEPARDSON & HUNT/LIPO,Road-NW-05,20-998-05,20-11-HLS-M,AHU,MAUNGA VEVERA,RANO RARAKU NORTH ROAD,Complete,1,Intact severe erosion,267,113,Raraku Tuff,-27.108892,-109.311517,2.9341258396970025
357,HUNT/LIPO,NONE,14-548-27,14-10-HL-M,AHU,AHU TONGARIKI,MOAI FRAGMENT BEHIND AHU TONGARIKI,Fragment,1, ,Missing,Missing,Raraku Tuff,-27.125468,-109.276385,1.1671682127060743
358,SHEPARDSON & HUNT/LIPO,RR-125,RR-125,RR-181-HLS-M,QUARRY NOT BEDROCK,RANO RARAKU,,Fragments in Association,7,"Severe damage and erosion.  / Broken at chest, neck, chin, nose.",1129,281,Raraku Tuff,-27.125659,-109.291268,0.3113717793579196
359,SHEPARDSON & HUNT/LIPO,RR-126,RR-126,RR-182-HLS-M,QUARRY NOT BEDROCK,RANO RARAKU,,Fragments in Association,2,Broken at neck.,734,,Raraku Tuff,-27.125748,-109.291227,0.30925414638900184
368,SHEPARDSON & HUNT/LIPO,08-003-03,08-003-03,8-3-HLS-M,AHU,AHU VAI URI,,Complete,1,Missing left side of head.  ,Missing,,Raraku Tuff,-27.139833,-109.427432,13.882611860499967
369,SHEPARDSON & HUNT/LIPO,08-003-04,08-003-04,8-4-HLS-M,AHU,AHU TAHAI,,Complete,1,Missing part of head.  ,Missing,,Raraku Tuff,-27.139442,-109.426903,13.825564611445838
370,SHEPARDSON & HUNT/LIPO,08-003-05,08-003-05,8-5-HLS-M,AHU,AHU VAI URI,,Complete,1,"Missing part of head, Restored ",Missing,,Raraku Tuff,-27.139899,-109.427427,13.882980813814703
371,SHEPARDSON & HUNT/LIPO,08-044-01,08-044-01,8-6-HLS-M,AHU,AHU TAHAI,,Fragments in Association,4,"Severe erosion.  / Broken lengthwise, lower right body, neck.",Missing,162,Raraku Tuff,-27.140483,-109.427017,13.850477051603228
372,HUNT/LIPO,NONE,13-130-04,13-16-HL-M,AHU,HANGA PU NGAO,,Fragment,1, ,Missing,Missing,Raraku Tuff,-27.138742,-109.295863,1.6875696934998343
373,HUNT/LIPO,NONE,13-130-05,13-17-HL-M,AHU,HANGA PU NGAO,,Fragment,1, ,Missing,Missing,Raraku Tuff,-27.138714,-109.296021,1.6919252380772791
374,HUNT/LIPO,NONE,31-999-11,31-19-HL-M,AHU,HEKII,,Fragments in Association,10, ,Missing,Missing,Raraku Tuff,-27.088172,-109.299701,4.263022889294618
375,HUNT/LIPO,NONE,31-999-12,31-20-HL-M,AHU,HEKII,,Fragments in Association,3, ,Missing,Missing,Raraku Tuff,-27.08837,-109.299702,4.241878274803196
376,HUNT/LIPO,NONE,31-999-13,31-21-HL-M,AHU,HEKII,,Complete,1, ,Missing,Missing,Raraku Tuff,-27.088096,-109.299642,4.269593956261688
377,HUNT/LIPO,NONE,31-999-14,31-22-HL-M,AHU,HEKII,,Fragments in Association,2, ,Missing,Missing,Raraku Tuff,-27.088112,-109.299665,4.268488465965003
378,HUNT/LIPO,NONE,31-999-15,31-23-HL-M,AHU,HEKII,,Fragment,1, ,Missing,Missing,Raraku Tuff,-27.088124,-109.299648,4.266756166996866
379,HUNT/LIPO,NONE,13-130-06,13-19-HL-M,AHU,HANGA PU NGAO,,,1, ,Missing,Missing,Raraku Tuff,-27.138806,-109.295608,1.6827127095039625
380,HUNT/LIPO,NONE,13-130-07,13-20-HL-M,AHU,HANGA PU NGAO,,Fragment,1, ,Missing,Missing,Raraku Tuff,-27.138803,-109.295622,1.68302038156652
381,HUNT/LIPO,NONE,13-130-08,13-21-HL-M,AHU,HANGA PU NGAO,,Fragment,1, ,Missing,Missing,Raraku Tuff,-27.138823,-109.295617,1.6847993444896718
382,HUNT/LIPO,NONE,14-548-28,14-18-HL-M,AHU,AHU TONGARIKI,MOAI FRAGMENT PILE BY PUKAU AT TONGARIKI,Fragment,1, ,Missing,Missing,Raraku Tuff,-27.126404,-109.277667,1.0487077499332453
383,HUNT/LIPO,NONE,14-548-29,14-21-HL-M,AHU,AHU TONGARIKI ,,Fragment,1, ,Missing,Missing,Raraku Tuff,-27.125098,-109.278801,0.9275703785528091
384,HUNT/LIPO,NONE,14-548-30,14-22-HL-M,AHU,AHU TONGARIKI,,Fragment,1, ,Missing,Missing,Raraku Tuff,-27.125521,-109.278865,0.9219952542505735
385,HUNT/LIPO,NONE,14-548-31,14-23-HL-M,ISOLATED,PARANGIA,,Fragment,1, ,Missing,Missing,Raraku Tuff,-27.123463,-109.273056,1.50830499396475
386,HUNT/LIPO,NONE,14-548-32,14-24-HL-M,ISOLATED,PARANGIA,,Fragment,1, ,Missing,Missing,Raraku Tuff,-27.123428,-109.272777,1.5361954131993
387,SHEPARDSON & HUNT/LIPO,RR-110,RR-110,RR-179-HLS-M,QUARRY NOT BEDROCK,RANO RARAKU,,Complete,1, ,,,Raraku Tuff,-27.125927,-109.289529,0.15833147338810621
388,SHEPARDSON & HUNT/LIPO,RR-246,RR-246,RR-186-HLS-M,QUARRY NOT BEDROCK,RANO RARAKU,,Complete,1, ,,,Raraku Tuff,-27.1246,-109.288793,0.08875631219255986
389,SHEPARDSON & HUNT/LIPO,RR-C-04,RR-C-04,RR-189-HLS-M,QUARRY NOT BEDROCK,RANO RARAKU,,Complete,1, ,,,Raraku Tuff,-27.124597,-109.289335,0.13197882856340462
390,SHEPARDSON & HUNT/LIPO,RR-C-06,RR-C-06,RR-190-HLS-M,QUARRY,RANO RARAKU,,Complete,1,Crack lengthwise on right side of face.  ,,,Raraku Tuff,-27.12455,-109.289309,0.13239310309149238
391,HUNT/LIPO,NONE,20-999-04,20-22-HL-M,AHU,MAUNGA VEVERA,RANO RARAKU NORTH ROAD,Fragment,1, ,Missing,Missing,Raraku Tuff,-27.10883,-109.311531,2.9394604996748783
392,HUNT/LIPO,NONE,14-548-35,14-28-HL-M,AHU,AHU TONGARIKI,,Fragment,1, ,Missing,Missing,Raraku Tuff,-27.125441,-109.276387,1.1668906101103211
393,HUNT/LIPO,NONE,14-548-36,14-29-HL-M,AHU,AHU TONGARIKI,MOAI FRAGMENT BEHIND AHU TONGARIKI,Fragment,1, ,Missing,Missing,Raraku Tuff,-27.125465,-109.276363,1.169336154211767
394,HUNT/LIPO,NONE,14-548-37,14-30-HL-M,AHU,AHU TONGARIKI,MOAI FRAGMENT BEHIND AHU TONGARIKI,Fragment,1, ,Missing,Missing,Raraku Tuff,-27.125474,-109.276353,1.170353683041376
395,HUNT/LIPO,NONE,21-999-03,21-8-HL-M,AHU,MAHATUA,,Fragment,1, ,Missing,Missing,Raraku Tuff,-27.091939,-109.271772,4.030583230751775
396,HUNT/LIPO,NONE,21-999-04,21-9-HL-M,AHU,MAHATUA,,Fragment,3, ,Missing,Missing,Raraku Tuff,-27.091911,-109.271797,4.032432661277826
397,SHEPARDSON & HUNT/LIPO,RR-054,RR-054,RR-171-HLS-M,QUARRY NOT BEDROCK,RANO RARAKU,,Complete,1, ,,,Raraku Tuff,-27.126484,-109.287836,0.1490139582624879
398,SHEPARDSON & HUNT/LIPO,RR-055,RR-055,RR-172-HLS-M,QUARRY,RANO RARAKU,,Complete,1,Damage to back of head.  ,,,Raraku Tuff,-27.126538,-109.287825,0.15510040578288822
399,SHEPARDSON & HUNT/LIPO,RR-057,RR-057,RR-173-HLS-M,QUARRY NOT BEDROCK,RANO RARAKU,,Complete,1,Damage to back of head.  ,,,Raraku Tuff,-27.126575,-109.287885,0.1579406414605172
400,SHEPARDSON & HUNT/LIPO,RR-058,RR-058,RR-174-HLS-M,QUARRY NOT BEDROCK,RANO RARAKU,,Complete,1, ,,,Raraku Tuff,-27.126548,-109.287896,0.15479823734455272
401,SHEPARDSON & HUNT/LIPO,RR-076,RR-076,RR-175-HLS-M,QUARRY NOT BEDROCK,RANO RARAKU,,Fragments in Association,2,Broken at neck.,,,Raraku Tuff,-27.126812,-109.288293,0.18211456058783185
402,SHEPARDSON & HUNT/LIPO,RR-C-07,RR-C-07,RR-191-HLS-M,QUARRY,RANO RARAKU,,Complete,1, ,,,Raraku Tuff,-27.124527,-109.289272,0.13067521106941868
403,SHEPARDSON & HUNT/LIPO,RR-C-09,RR-C-09,RR-192-HLS-M,QUARRY NOT BEDROCK,RANO RARAKU,,Complete,1,Damage to face.  ,,,Raraku Tuff,-27.12458,-109.289237,0.12458038655456477
404,SHEPARDSON & HUNT/LIPO,RR-C-10,RR-C-10,RR-193-HLS-M,QUARRY NOT BEDROCK,RANO RARAKU,,Complete,1, ,,,Raraku Tuff,-27.124604,-109.289117,0.11316702775172284
405,SHEPARDSON & HUNT/LIPO,RR-C-14,RR-C-14,RR-195-HLS-M,QUARRY,RANO RARAKU,,Complete,1,No sign of mouth.  ,,,Raraku Tuff,-27.124643,-109.28906,0.10606842510481014
406,SHEPARDSON & HUNT/LIPO,RR-C-24,RR-C-24,RR-196-HLS-M,QUARRY,RANO RARAKU,,Complete,1, ,,,Raraku Tuff,-27.124671,-109.288669,0.07463370510058119
407,HUNT/LIPO,NONE,14-548-38,14-31-HL-M,AHU,AHU ONE MAKIHI,,Fragments in Association,2, ,Missing,Missing,Raraku Tuff,-27.138208,-109.283308,1.5246376965731683
408,HUNT/LIPO,NONE,14-548-39,14-32-HL-M,AHU,AHU ONE MAKIHI,,Fragments in Association,2, ,Missing,Missing,Raraku Tuff,-27.138109,-109.283162,1.5188711405314772
409,HUNT/LIPO,NONE,14-548-40,14-32-HL-M,AHU,AHU ONE MAKIHI,,Fragments in Association,2, ,Missing,Missing,Raraku Tuff,-27.138137,-109.283111,1.52346163417541
410,HUNT/LIPO,NONE,14-548-41,14-34-HL-M,AHU,AHU ONE MAKIHI,,Complete,1, ,Missing,Missing,Raraku Tuff,-27.138128,-109.283313,1.516057368880419
411,HUNT/LIPO,NONE,20-999-20,20-29-HL-M,ROAD,ROAD MOAI,RANO RARAKU NORTH ROAD,Fragment,1, ,Missing,Missing,Raraku Tuff,-27.108271,-109.310389,2.8912390610428775
412,SHEPARDSON,Road-NW-07,20-998-07,20-8-S-M,AHU,UKNOWN AHU,,Missing,0, ,,,Raraku Tuff,-27.10889,-109.311494,2.932469312201242
413,SHEPARDSON,RR-087,RR-087,RR-42-S-M,QUARRY,RANO RARAKU,,Missing,0, ,,,Raraku Tuff,-27.12627,-109.288828,0.1379009325171426
414,SHEPARDSON,RR-090,RR-090,RR-43-S-M,QUARRY,RANO RARAKU,,Missing,0,Cracked at chest.  / Broken at face.,696,218,Raraku Tuff,-27.126534,-109.288965,0.17014669501989646
415,SHEPARDSON,RR-038,RR-038,RR-44-S-M,QUARRY,RANO RARAKU,,Missing,0,Broken at neck.,,,Raraku Tuff,-27.127273,-109.287397,0.24512964857996278
416,SHEPARDSON,RR-039,RR-039,RR-45-S-M,QUARRY,RANO RARAKU,,Missing,0,Broken at chest and chin.,,,Raraku Tuff,-27.127216,-109.287469,0.2369421380885902
417,SHEPARDSON,RR-020,RR-020,RR-46-S-M,QUARRY,RANO RARAKU,,Missing,0,Damage to nose.  / Broken at chin.,,,Raraku Tuff,-27.126457,-109.286364,0.22851072981275936
418,HUNT/LIPO,NONE,30-996-02,30-10-HL-M,AHU,PUNA RERE TAKATEA,,Fragments in Association,2, ,Missing,Missing,Raraku Tuff,-27.078124,-109.311009,5.691096973927241
419,HUNT/LIPO,NONE,13-130-09,13-28-HL-M,ROAD,ROAD MOAI,,Fragments in Association,2, ,Missing,Missing,Raraku Tuff,-27.133919,-109.301385,1.6290005961575473
420,HUNT/LIPO,NONE,31-999-16,31-25-HL-M,AHU,HEKII,WEST OF LA PEROUSE BAY,Fragment,1, ,Missing,Missing,Raraku Tuff,-27.088009,-109.301359,4.327126170681774
421,HUNT/LIPO,NONE,31-997-02,31-26-HL-M,AHU,AHU TE PITU KURA,,Fragment,1, ,Missing,Missing,Raraku Tuff,-27.08521,-109.301617,4.631560303313834
422,HUNT/LIPO,NONE,RR-C-40,RR-198-HL-M,QUARRY NOT BEDROCK,RANO RARAKU ,RANO RARAKU INTERIOR,Complete,1, ,Missing,Missing,Raraku Tuff,-27.124498,-109.289498,0.1514330161920321
423,HUNT/LIPO,NONE,14-548-42,14-39-HL-M,AHU,AHU ONE MAKIHI,,Fragments in Association,2, ,Missing,Missing,Raraku Tuff,-27.138162,-109.283153,1.524723118057286
424,HUNT/LIPO,NONE,20-999-21,20-30-HL-M,AHU,UKNOWN AHU,RANO RARAKU NORTH ROAD,Fragment,1, ,Missing,Missing,Raraku Tuff,-27.109213,-109.311313,2.896310041099604
425,HUNT/LIPO,NONE,20-999-11,20-31-HL-M,AHU,UKNOWN AHU,RANO RARAKU NORTH TRAIL,Fragment,2, ,Missing,Missing,Raraku Tuff,-27.1089,-109.311467,2.929680421826561
426,HUNT/LIPO,NONE,13-130-10,13-29-HL-M,AHU,UKNOWN AHU,,Fragments in Association,4, ,Missing,Missing,Raraku Tuff,-27.139056,-109.298576,1.8534660998567332
427,HUNT/LIPO,NONE,13-130-11,13-30-HL-M,AHU,HANGA PU NGAO,,Fragment,1, ,Missing,Missing,Raraku Tuff,-27.138446,-109.295745,1.6529837077800489
428,HUNT/LIPO,NONE,13-130-12,13-31-HL-M,AHU,HANGA PU NGAO,,Fragment,1, ,Missing,Missing,Raraku Tuff,-27.13854,-109.295779,1.6638101111324046
429,SHEPARDSON & HUNT/LIPO,14-548-15,14-548-15,14-52-HLS-M,AHU,AHU TONGARIKI,,Complete,1,Restored ,Missing,,Raraku Tuff,-27.125547,-109.276637,1.142513418543968
430,SHEPARDSON & HUNT/LIPO,14-548-16,14-548-16,14-53-HLS-M,AHU,AHU TONGARIKI,,Complete,1,Restored ,Missing,131,Raraku Tuff,-27.126692,-109.27801,1.019837382806104
431,SHEPARDSON & HUNT/LIPO,RR-088,RR-088,RR-322-HLS-M,QUARRY NOT BEDROCK,RANO RARAKU,,Complete,1,Damage to right ear.  ,,,Raraku Tuff,-27.126415,-109.288866,0.15392378249040153
432,SHEPARDSON & HUNT/LIPO,RR-089,RR-089,RR-323-HLS-M,QUARRY NOT BEDROCK,RANO RARAKU,,Complete,1, ,,,Raraku Tuff,-27.12646,-109.288845,0.15751293232654018
433,SHEPARDSON & HUNT/LIPO,RR-093,RR-093,RR-324-HLS-M,QUARRY NOT BEDROCK,RANO RARAKU,,Complete,1, ,,,Raraku Tuff,-27.126409,-109.289108,0.16548482625333724
434,SHEPARDSON & HUNT/LIPO,RR-094,RR-094,RR-325-HLS-M,QUARRY NOT BEDROCK,RANO RARAKU,,Complete,1, ,,,Raraku Tuff,-27.126393,-109.28922,0.17054061599565462
435,SHEPARDSON & HUNT/LIPO,RR-242,RR-242,RR-336-HLS-M,QUARRY NOT BEDROCK,RANO RARAKU,,,1, ,,,Raraku Tuff,-27.1245,-109.289063,0.11588594942461809
436,SHEPARDSON & HUNT/LIPO,RR-099,RR-099,RR-337-HLS-M,QUARRY NOT BEDROCK,RANO RARAKU,,Complete,1, ,,,Raraku Tuff,-27.125976,-109.289385,0.1495782308562994
437,SHEPARDSON & HUNT/LIPO,RR-034,RR-034,RR-338-HLS-M,QUARRY NOT BEDROCK,RANO RARAKU,,Complete,1, ,,,Raraku Tuff,-27.126719,-109.287116,0.2006503505404994
438,SHEPARDSON & HUNT/LIPO,RR-042,RR-042,RR-339-HLS-M,QUARRY,RANO RARAKU,,Complete,1, ,,,Raraku Tuff,-27.126753,-109.287531,0.18623178859954853
439,SHEPARDSON & HUNT/LIPO,RR-043,RR-043,RR-340-HLS-M,QUARRY NOT BEDROCK,RANO RARAKU,,Complete,1, ,,,Raraku Tuff,-27.126703,-109.287483,0.1827365366668778
440,SHEPARDSON & HUNT/LIPO,RR-044,RR-044,RR-341-HLS-M,QUARRY NOT BEDROCK,RANO RARAKU,,Complete,1, ,,,Raraku Tuff,-27.126715,-109.287431,0.1859382035005691
441,SHEPARDSON & HUNT/LIPO,RR-045,RR-045,RR-342-HLS-M,QUARRY NOT BEDROCK,RANO RARAKU,,Complete,1, ,,,Raraku Tuff,-27.126633,-109.287408,0.17855651790967916
442,SHEPARDSON & HUNT/LIPO,RR-047,RR-047,RR-343-HLS-M,QUARRY NOT BEDROCK,RANO RARAKU,,,1, ,,206,Raraku Tuff,-27.126592,-109.287517,0.1700542118796162
443,SHEPARDSON & HUNT/LIPO,14-159-01,14-159-01,14-43-HLS-M,AHU,MATA UURI,,Complete,1,Intact severe erosion,216,85,Raraku Tuff,-27.132139,-109.278356,1.2415774399570774
444,SHEPARDSON & HUNT/LIPO,14-160-01,14-160-01,14-44-HLS-M,AHU,MATA UURI,,Complete,1,Intact severe erosion,274,87,Raraku Tuff,-27.132254,-109.278367,1.248718282227187
445,SHEPARDSON & HUNT/LIPO,14-548-01,14-548-01,14-45-HLS-M,AHU,AHU TONGARIKI,,Complete,1,Restored ,Missing,,Raraku Tuff,-27.12605,-109.276982,1.111862225352951
446,SHEPARDSON & HUNT/LIPO,14-548-02,14-548-02,14-46-HLS-M,AHU,AHU TONGARIKI,,Complete,1,Restored ,Missing,,Raraku Tuff,-27.126018,-109.276958,1.1139251619714365
447,SHEPARDSON & HUNT/LIPO,14-548-03,14-548-03,14-47-HLS-M,AHU,AHU TONGARIKI,,Complete,1,Restored ,Missing,,Raraku Tuff,-27.125969,-109.276922,1.117034314002443
448,SHEPARDSON & HUNT/LIPO,13-478-01,13-478-01,RR-326-HLS-M,ROAD,ROAD MOAI,,Complete,1,"Intact severe erosion,Damage to left eye and right side of base.  ",644,251,Raraku Tuff,-27.128334,-109.290423,0.41557753236967004
449,SHEPARDSON & HUNT/LIPO,13-481-01,13-481-01,RR-327-HLS-M,ROAD,ROAD MOAI,,Complete,1,Intact severe erosion,576,276,Raraku Tuff,-27.128527,-109.290878,0.45859665682234685
450,SHEPARDSON & HUNT/LIPO,13-485-01,13-485-01,RR-328-HLS-M,ROAD,ROAD MOAI,,Complete,1,Intact severe erosion,525,168,Raraku Tuff,-27.128903,-109.291392,0.5224787319582767
451,SHEPARDSON & HUNT/LIPO,RR-C-22,RR-C-22,RR-329-HLS-M,QUARRY,RANO RARAKU ,RANO RARAKU INTERIOR,Complete,1, ,,,Raraku Tuff,-27.124696,-109.288744,0.07782118501402034
452,SHEPARDSON & HUNT/LIPO,RR-C-23,RR-C-23,RR-330-HLS-M,QUARRY,RANO RARAKU,,Complete,1,Severe erosion.,715,,Raraku Tuff,-27.124715,-109.288713,0.0741413423744397
453,SHEPARDSON & HUNT/LIPO,RR-C-31,RR-C-31,RR-331-HLS-M,QUARRY,RANO RARAKU,,Complete,1,Severe erosion.,203,,Raraku Tuff,-27.124741,-109.288534,0.060160847500823615
454,SHEPARDSON,RR-D-31,RR-D-31,RR-71-S-M,QUARRY,RANO RARAKU,,Missing,0,Mouth and up missing.  ,,,Raraku Tuff,-27.124191,-109.286988,0.16007215404303082
455,SHEPARDSON,RR-D-32,RR-D-32,RR-72-S-M,QUARRY,RANO RARAKU,,Missing,0, ,,,Raraku Tuff,-27.124164,-109.286945,0.16523068257965975
456,SHEPARDSON,RR-D-33,RR-D-33,RR-73-S-M,QUARRY,RANO RARAKU,,Missing,0, ,,,Raraku Tuff,-27.12418,-109.286886,0.16839410761944115
457,SHEPARDSON,RR-D-34,RR-D-34,RR-74-S-M,QUARRY,RANO RARAKU,,Missing,0,Severe erosion.,,,Raraku Tuff,-27.124139,-109.287004,0.1629389099384414
458,SHEPARDSON,RR-D-35,RR-D-35,RR-75-S-M,QUARRY,RANO RARAKU,,Missing,0,Severe erosion.,,,Raraku Tuff,-27.124081,-109.286925,0.1730260424932897
459,SHEPARDSON,13-243-01,13-243-01,13-9-S-M,ROAD,ROAD MOAI,,Missing,0,Severe erosion.  / Broken at neck.,523,215,Raraku Tuff,-27.125941,-109.306285,1.7953994482855768
460,SHEPARDSON,13-130-01,13-130-01,13-10-S-M,AHU,HANGA PU NGAO,,Missing,0,Head omly ,,,Raraku Tuff,-27.138828,-109.295773,1.692111549839124
461,SHEPARDSON,13-403-01,13-403-01,13-11-S-M,ROAD,ROAD MOAI,,Missing,0,Severe erosion.  / Broken at chest.,473,202,Raraku Tuff,-27.124562,-109.298286,1.0037928332614665
462,SHEPARDSON,13-319-01,13-319-01,13-12-S-M,ROAD,ROAD MOAI,,Missing,0,Severe erosion.,337,,Raraku Tuff,-27.123637,-109.298653,1.051764593915674
463,SHEPARDSON,13-396-01,13-396-01,13-13-S-M,ROAD,ROAD MOAI,,Missing,0,Severe erosion.  / Broken at neck.,,,Raraku Tuff,-27.122463,-109.297158,0.9393538525860846
464,SHEPARDSON,RR-069,RR-069,RR-76-S-M,QUARRY,RANO RARAKU,,Missing,0,Missing left side of head.  ,496,,Raraku Tuff,-27.127697,-109.288354,0.2805340371865348
465,SHEPARDSON,RR-C-30,RR-C-30,RR-108-S-M,QUARRY,RANO RARAKU,,Missing,0,Severe erosion.,,,Raraku Tuff,-27.124968,-109.288596,0.04802695914833126
466,SHEPARDSON,RR-C-32,RR-C-32,RR-109-S-M,QUARRY,RANO RARAKU,,Missing,0, ,564,,Raraku Tuff,-27.124824,-109.28852,0.05214002321697014
467,SHEPARDSON,RR-C-33,RR-C-33,RR-110-S-M,QUARRY,RANO RARAKU,,Missing,0, ,,,Raraku Tuff,-27.124875,-109.288385,0.03952140211382787
468,SHEPARDSON,RR-C-35,RR-C-35,RR-111-S-M,QUARRY,RANO RARAKU,,Missing,0, ,,,Raraku Tuff,-27.124767,-109.288392,0.05033920368893824
469,SHEPARDSON,RR-C-36,RR-C-36,RR-112-S-M,QUARRY,RANO RARAKU,,Missing,0, ,,,Raraku Tuff,-27.124774,-109.288322,0.04698586409762768
470,SHEPARDSON,RR-156,RR-156,RR-113-S-M,QUARRY,RANO RARAKU,,Missing,0, ,436,201,Raraku Tuff,-27.12328,-109.291567,0.39666702262015036
471,SHEPARDSON,RR-235,RR-235,RR-114-S-M,QUARRY,RANO RARAKU,,Missing,0, ,657,,Raraku Tuff,-27.123301,-109.291062,0.35389559909672713
472,SHEPARDSON,RR-236,RR-236,RR-115-S-M,QUARRY,RANO RARAKU,,Missing,0,Severe erosion.,,,Raraku Tuff,-27.123236,-109.290922,0.347205177301634
473,SHEPARDSON,RR-243,RR-243,RR-116-S-M,QUARRY,RANO RARAKU,,Missing,0,Severe erosion.,,,Raraku Tuff,-27.124556,-109.289089,0.11401082861812596
474,SHEPARDSON,RR-082,RR-082,RR-80-S-M,QUARRY,RANO RARAKU,,Missing,0, ,,,Raraku Tuff,-27.126347,-109.288443,0.1328698129488006
475,SHEPARDSON,RR-083,RR-083,RR-81-S-M,QUARRY,RANO RARAKU,,Missing,0, ,,,Raraku Tuff,-27.126265,-109.288364,0.12250490004920435
476,SHEPARDSON,RR-084,RR-084,RR-82-S-M,QUARRY,RANO RARAKU,,Missing,0, ,,,Raraku Tuff,-27.126256,-109.288405,0.12222561231628254
477,SHEPARDSON,RR-085,RR-085,RR-83-S-M,QUARRY,RANO RARAKU,,Missing,0, ,,,Raraku Tuff,-27.126321,-109.288525,0.13197172978009689
478,SHEPARDSON,RR-086,RR-086,RR-84-S-M,QUARRY,RANO RARAKU,,Missing,0, ,,,Raraku Tuff,-27.126303,-109.288575,0.131471108191278
479,SHEPARDSON,RR-105,RR-105,RR-85-S-M,QUARRY,RANO RARAKU,,Missing,0,Missing part of head.  ,,216,Raraku Tuff,-27.125695,-109.289735,0.16533739028121144
480,SHEPARDSON,RR-106,RR-106,RR-86-S-M,QUARRY,RANO RARAKU,,Missing,0, ,,,Raraku Tuff,-27.125685,-109.289704,0.1620739771099089
481,SHEPARDSON,RR-112,RR-112,RR-87-S-M,QUARRY,RANO RARAKU,,Missing,0,Erosion in eye sockets.  ,727,203,Raraku Tuff,-27.126241,-109.290031,0.2189635846373354
482,SHEPARDSON,RR-113,RR-113,RR-88-S-M,QUARRY,RANO RARAKU,,Missing,0,"Broken at shoulders, cheek, nose, and mouth.",816,228,Raraku Tuff,-27.126536,-109.290009,0.2365769531510547
483,SHEPARDSON,RR-114,RR-114,RR-89-S-M,QUARRY,RANO RARAKU,,Missing,0,"Broken at neck, mouth, and cheek.",714,197,Raraku Tuff,-27.126847,-109.289965,0.256950301593832
484,SHEPARDSON,RR-C-37,RR-C-37,RR-90-S-M,QUARRY,RANO RARAKU,,Missing,0, ,552,,Raraku Tuff,-27.124777,-109.288279,0.04547682228333421
485,SHEPARDSON,RR-C-38,RR-C-38,RR-91-S-M,QUARRY,RANO RARAKU,,Missing,0, ,,,Raraku Tuff,-27.124801,-109.288167,0.041515062386727065
486,SHEPARDSON,RR-252,RR-252,RR-92-S-M,QUARRY,RANO RARAKU,,Missing,0,Damage to nose.  ,,,Raraku Tuff,-27.124703,-109.288262,0.053177789799868806
487,SHEPARDSON,RR-254,RR-254,RR-93-S-M,QUARRY,RANO RARAKU,,Missing,0, ,318,134,Raraku Tuff,-27.12471,-109.288186,0.05163929977238438
488,SHEPARDSON,RR-255,RR-255,RR-94-S-M,QUARRY,RANO RARAKU,,Missing,0, ,360,141,Raraku Tuff,-27.124765,-109.288205,0.04564171693740693
489,SHEPARDSON,RR-A-047,RR-A-047,RR-95-S-M,QUARRY,RANO RARAKU,,Missing,0, ,,,Raraku Tuff,-27.126041,-109.287823,0.10208004939742432
540,SHEPARDSON & HUNT/LIPO,06-255-02,06-255-02,6-16-HLS-M,AHU,AHU HANGA TE'E,,Fragments in Association,3,Head spreading with erosion.  / Broken at neck.,602,213,Raraku Tuff,-27.165882,-109.362117,8.602909908080228
541,HUNT/LIPO,NONE,06-191-11,6-18-HL-M,AHU,AHU TARAKIU,,Fragment,1, ,Missing,Missing,Raraku Tuff,-27.167158,-109.365386,8.952835300184942
490,SHEPARDSON & HUNT/LIPO,06-191-03,06-191-03,6-7-HLS-M,AHU,AHU TARAKIU,,Fragment,1,Severe erosion. Facial features destroyed.  / Broken at chest.,Missing,,Raraku Tuff,-27.167333,-109.364879,8.920191300523651
491,SHEPARDSON & HUNT/LIPO,06-191-05,06-191-05,6-8-HLS-M,AHU,AHU TARAKIU,,Fragment,1, ,Missing,,Raraku Tuff,-27.167358,-109.365471,8.971587795055008
492,SHEPARDSON & HUNT/LIPO,06-191-06,06-191-06,6-9-HLS-M,AHU,AHU TARAKIU,,Fragment,1, ,Missing,,Raraku Tuff,-27.167323,-109.365423,8.965506760100839
493,SHEPARDSON & HUNT/LIPO,06-191-07,06-191-07,6-10-HLS-M,AHU,AHU TARAKIU,,Fragment,1, ,Missing,,Raraku Tuff,-27.167328,-109.365227,8.949250020854075
494,SHEPARDSON & HUNT/LIPO,06-204-01,06-204-01,6-11-HLS-M,ROAD,ROAD MOAI,,Complete,1, ,Missing,,Raraku Tuff,-27.164603,-109.363723,8.666050857113225
495,SHEPARDSON & HUNT/LIPO,06-255-01,06-255-01,6-15-HLS-M,AHU,AHU HANGA TE'E,,Fragments in Association,4,Broken at shoulders.,499,115,Raraku Tuff,-27.165881,-109.362132,8.604115331549945
496,SHEPARDSON & HUNT/LIPO,05-197-01,05-197-01,5-8-HLS-M,AHU,URI A URENGA,,Complete,1,Restored ,346,135,Raraku Tuff,-27.154728,-109.40135,11.675140421386313
497,SHEPARDSON,RR-A-048,RR-A-048,RR-96-S-M,QUARRY,RANO RARAKU,,Missing,0, ,809,,Raraku Tuff,-27.126063,-109.28786,0.1032352978587682
498,SHEPARDSON,RR-A-049,RR-A-049,RR-97-S-M,QUARRY,RANO RARAKU,,Missing,0, ,,,Raraku Tuff,-27.126083,-109.287868,0.10512902238679155
499,SHEPARDSON,RR-A-050,RR-A-050,RR-98-S-M,QUARRY,RANO RARAKU,,Missing,0, ,,,Raraku Tuff,-27.126051,-109.287902,0.10079080672357899
500,SHEPARDSON,RR-A-051,RR-A-051,RR-99-S-M,QUARRY,RANO RARAKU,,Missing,0, ,,,Raraku Tuff,-27.125987,-109.28788,0.09459408820827041
501,SHEPARDSON,RR-A-052,RR-A-052,RR-100-S-M,QUARRY,RANO RARAKU,,Missing,0,Good preservation / Broken below mouth.,,,Raraku Tuff,-27.126005,-109.287936,0.09499789711343049
502,SHEPARDSON & HUNT/LIPO,Road-NW-01,20-998-01,20-9-HLS-M,AHU,MAUNGA VEVERA,RANO RARAKU NORTH ROAD,Fragment,1,Broken at chest.,Missing,115,Raraku Tuff,-27.108895,-109.311426,2.9268286626888345
503,SHEPARDSON,RR-C-26,RR-C-26,RR-150-S-M,QUARRY,RANO RARAKU,,Missing,0,Severe erosion.,,,Raraku Tuff,-27.124879,-109.288678,0.06007330522034297
504,SHEPARDSON,RR-C-27,RR-C-27,RR-151-S-M,QUARRY,RANO RARAKU,,Missing,0,Severe erosion.,206,,Raraku Tuff,-27.124896,-109.288647,0.05647203458373992
505,SHEPARDSON,RR-C-28,RR-C-28,RR-152-S-M,QUARRY,RANO RARAKU,,Missing,0,Severe erosion.,,,Raraku Tuff,-27.124914,-109.288647,0.05540153941925071
506,SHEPARDSON,RR-B-12,RR-B-12,RR-153-S-M,QUARRY,RANO RARAKU,,Missing,0, ,288,156,Raraku Tuff,-27.125355,-109.287773,0.04408997855456941
507,SHEPARDSON,RR-D-49,RR-D-49,RR-154-S-M,QUARRY,RANO RARAKU,,Missing,0, ,,,Raraku Tuff,-27.124708,-109.287499,0.0842608248830103
508,SHEPARDSON,RR-204,RR-204,RR-155-S-M,QUARRY,RANO RARAKU,,Missing,0, ,,,Raraku Tuff,-27.122453,-109.284427,0.47812370618168176
509,SHEPARDSON,RR-061,RR-061,RR-156-S-M,QUARRY,RANO RARAKU,,Missing,0,Crack at old moai chest level.,,,Raraku Tuff,-27.126496,-109.288078,0.14691359986405952
510,SHEPARDSON,RR-062,RR-062,RR-157-S-M,QUARRY,RANO RARAKU,,Missing,0, ,,,Raraku Tuff,-27.126551,-109.288188,0.15274639511301263
511,SHEPARDSON,RR-063,RR-063,RR-158-S-M,QUARRY,RANO RARAKU,,Missing,0,Excellent preservation/detail.  ,,,Raraku Tuff,-27.126542,-109.288118,0.15182430330174534
512,SHEPARDSON,RR-064,RR-064,RR-159-S-M,QUARRY,RANO RARAKU,,Missing,0,More erosion than others nearby.  / Broken at shoulders.,841,215,Raraku Tuff,-27.126658,-109.288076,0.16487583632841496
513,SHEPARDSON,RR-065,RR-065,RR-160-S-M,QUARRY,RANO RARAKU,,Missing,0, ,,,Raraku Tuff,-27.12673,-109.288004,0.17338558873495713
514,SHEPARDSON,RR-066,RR-066,RR-161-S-M,QUARRY,RANO RARAKU,,Missing,0, ,704,214,Raraku Tuff,-27.126684,-109.287964,0.16873597789756506
515,SHEPARDSON,RR-A-121,RR-A-121,RR-162-S-M,QUARRY,RANO RARAKU,,Missing,0,Severe erosion.,,,Raraku Tuff,-27.1254,-109.289137,0.09893714122641506
516,SHEPARDSON,RR-A-122,RR-A-122,RR-163-S-M,QUARRY,RANO RARAKU,,Missing,0,Severe erosion.,310,,Raraku Tuff,-27.125291,-109.289226,0.10533394188066594
517,SHEPARDSON,RR-A-123,RR-A-123,RR-164-S-M,QUARRY,RANO RARAKU,,Missing,0,Severe erosion.,335,,Raraku Tuff,-27.125294,-109.289415,0.1239607708361191
518,SHEPARDSON,RR-A-124,RR-A-124,RR-165-S-M,QUARRY,RANO RARAKU,,Missing,0, ,,,Raraku Tuff,-27.125408,-109.289513,0.13544909973180744
519,HUNT/LIPO,NONE,Museum-16,Museum-16,MUSEUM,ENGLERT MUSEUM,ENGLERT MUSEUM,,1, ,Missing,Missing,Raraku Tuff,-27.118258,-109.298025,1.241523275413701
520,HUNT/LIPO,NONE,Museum-22,Museum-22,AHU,RANO RARAKU ,RANO RARAKU NORTH ROAD,,1, ,Missing,Missing,Raraku Tuff,-27.116964,-109.299869,1.473810637647699
521,HUNT/LIPO,NONE,13-130-15,13-22-HL-M,AHU,HANGA PU NGAO,,,1, ,Missing,Missing,Raraku Tuff,-27.138724,-109.29566,1.6768033861553358
522,HUNT/LIPO,NONE,Museum-18,Museum-18,MUSEUM,ENGLERT MUSEUM,ENGLERT MUSEUM,,1, ,Missing,Missing,Raraku Tuff,-27.121012,-109.294795,0.8023103864925267
523,HUNT/LIPO,NONE,31-998-03,31-24-HL-M,AHU,AHU TONGARIKI,,,1, ,Missing,Missing,Raraku Tuff,-27.095313,-109.294116,3.36654575089058
524,HUNT/LIPO,NONE,13-481-02,RR-166-HL-M,ROAD,ROAD MOAI,,,1, ,Missing,Missing,Raraku Tuff,-27.128517,-109.290643,0.4444694200655824
525,HUNT/LIPO,NONE,21-999-01,21-2-HL-M,ISOLATED,MAHATUA,,,1, ,Missing,Missing,Raraku Tuff,-27.092123,-109.270808,4.051455548099145
526,HUNT/LIPO,NONE,21-999-02,21-3-HL-M,ISOLATED,MAHATUA,,,1, ,Missing,Missing,Raraku Tuff,-27.092119,-109.270795,4.052403739791397
527,HUNT/LIPO,NONE,14-548-47,14-15-HL-M,ISOLATED,AHU TONGARIKI,MOAI FRAGMENT PILE BY PUKAU AT TONGARIKI,,1, ,Missing,Missing,Raraku Tuff,-27.12638,-109.27767,1.0480699642789546
528,HUNT/LIPO,NONE,14-548-48,14-16-HL-M,AHU,AHU TONGARIKI,MOAI FRAGMENT PILE BY PUKAU AT TONGARIKI,,1, ,Missing,Missing,Raraku Tuff,-27.126367,-109.277682,1.0467083044893624
529,HUNT/LIPO,NONE,14-548-49,14-17-HL-M,AHU,AHU TONGARIKI,MOAI FRAGMENT PILE BY PUKAU AT TONGARIKI,,1, ,Missing,Missing,Raraku Tuff,-27.126397,-109.27767,1.0483124544536717
530,HUNT/LIPO,NONE,14-548-50,14-19-HL-M,AHU,AHU TONGARIKI,MOAI FRAGMENT PILE BY PUKAU AT TONGARIKI,,1, ,Missing,Missing,Raraku Tuff,-27.12641,-109.277663,1.0491871970587243
531,SHEPARDSON,RR-280,RR-280,RR-212-S-M,QUARRY,RANO RARAKU,,Missing,0,Broken at chin.,520,,Raraku Tuff,-27.123847,-109.286979,0.1887634783127137
532,SHEPARDSON,RR-282,RR-282,RR-213-S-M,QUARRY,RANO RARAKU,,Missing,0, ,502,183,Raraku Tuff,-27.12355,-109.286827,0.22408191465100083
533,HUNT/LIPO,NONE,03-999-04,3-7-HL-M,AHU,AHU A PINA,,,1, ,Missing,Missing,Raraku Tuff,-27.149347,-109.432223,14.511448882708844
534,HUNT/LIPO,NONE,03-999-05,3-8-HL-M,AHU,AHU A PINA,,,1, ,Missing,Missing,Raraku Tuff,-27.149425,-109.432206,14.51139840031266
535,HUNT/LIPO,NONE,08-045-02,8-17-HL-M,AHU,AHU TAHAI,,,1, ,Missing,Missing,Raraku Tuff,-27.140284,-109.427195,13.865276958338665
536,SHEPARDSON & HUNT/LIPO,08-045-01,08-045-01,8-7-HLS-M,AHU,AHU TAHAI,,Fragment,1,Head only,Missing,,Raraku Tuff,-27.140427,-109.427051,13.853056605052108
537,SHEPARDSON & HUNT/LIPO,08-001-01,08-001-01,8-8-HLS-M,AHU,AHU TAHAI,,Complete,1,Restored ,Missing,,Raraku Tuff,-27.139003,-109.427104,13.839843839929577
538,SHEPARDSON & HUNT/LIPO,07-231-01,07-231-01,7-1-HLS-M,AHU,AKAHANGA,,Fragment,1,Intact severe erosion,Missing,138,Raraku Tuff,-27.154185,-109.345256,6.504515270510905
539,SHEPARDSON & HUNT/LIPO,07-231-02,07-231-02,7-2-HLS-M,AHU,AKAHANGA,,Fragments in Association,1,Top of head missing.,Missing,116,Raraku Tuff,-27.154192,-109.345329,6.511179829482835
542,HUNT/LIPO,NONE,06-191-12,6-19-HL-M,AHU,AHU TARAKIU,,Fragment,1, ,Missing,Missing,Raraku Tuff,-27.167166,-109.365433,8.957270641739942
543,HUNT/LIPO,NONE,06-191-13,6-20-HL-M,AHU,AHU TARAKIU,,Fragment,1, ,Missing,Missing,Raraku Tuff,-27.167315,-109.365423,8.965043411262918
544,HUNT/LIPO,NONE,07-575-09,7-33-HL-M,AHU,URA URANGA TE MAHINA,,Complete,1,Intact good condition,Missing,Missing,Raraku Tuff,-27.149906,-109.338824,5.7169464362023925
545,HUNT/LIPO,NONE,07-575-10,7-34-HL-M,AHU,URA URANGA TE MAHINA,,Fragments in Association,2,Broken at nose,Missing,Missing,Raraku Tuff,-27.149949,-109.338859,5.7222782742473255
546,SHEPARDSON & HUNT/LIPO,06-191-01,06-191-01,6-28-HLS-M,AHU,AHU TARAKIU,,Fragments in Association,2,Damage to left eye.  / Broken at neck.,291,96,Raraku Tuff,-27.167402,-109.365282,8.958187054786976
547,SHEPARDSON & HUNT/LIPO,06-191-02,06-191-02,6-29-HLS-M,AHU,AHU TARAKIU,,Fragments in Association,2,Severe erosion.  / Broken at neck.,Missing,,Raraku Tuff,-27.167393,-109.365242,8.954289753609253
548,SHEPARDSON & HUNT/LIPO,RR-C-34,RR-C-34,RR-332-HLS-M,QUARRY,RANO RARAKU,,Complete,1, ,851,227,Raraku Tuff,-27.124808,-109.288404,0.04686327693409585
549,SHEPARDSON & HUNT/LIPO,14-548-12,14-548-12,14-41-HLS-M,AHU,AHU TONGARIKI,,Complete,1,Restored ,Missing,,Raraku Tuff,-27.125648,-109.276706,1.1361497652610206
550,SHEPARDSON & HUNT/LIPO,14-548-13,14-548-13,14-42-HLS-M,AHU,AHU TONGARIKI,,Complete,1,Restored ,Missing,,Raraku Tuff,-27.125606,-109.276686,1.1379221205056558
551,SHEPARDSON & HUNT/LIPO,Road-N-Ahu-01,20-999-01,20-32-HLS-M,ROAD,ROAD MOAI,RANO RARAKU NORTH ROAD,Complete,1, ,Missing,111,Raraku Tuff,-27.114729,-109.298231,1.528577068242879
552,SHEPARDSON & HUNT/LIPO,Road-N-Ahu-02,20-999-02,20-33-HLS-M,ROAD,ROAD MOAI,RANO RARAKU NORTH ROAD,Fragments in Association,2,Broken at neck.,Missing,101,Raraku Tuff,-27.114704,-109.298235,1.5309408323602909
553,SHEPARDSON & HUNT/LIPO,13-486-01,13-486-01,13-32-HLS-M,ROAD,ROAD MOAI,,Fragments in Association,2,Broken at neck.,857,247,Raraku Tuff,-27.129956,-109.293289,0.7337982825292759
554,SHEPARDSON & HUNT/LIPO,13-487-01,13-487-01,13-33-HLS-M,ROAD,ROAD MOAI,,Complete,1,Intact severe erosion,573,185,Raraku Tuff,-27.129977,-109.29343,0.7451728659075657
555,SHEPARDSON & HUNT/LIPO,13-488-01,13-488-01,13-34-HLS-M,ROAD,ROAD MOAI,,Complete,1,Intact severe erosion,788,288,Raraku Tuff,-27.12992,-109.293513,0.746460401411272
556,SHEPARDSON & HUNT/LIPO,13-490-01,13-490-01,13-35-HLS-M,ROAD,ROAD MOAI,,Fragments in Association,3,Broken at neck.,773,250,Raraku Tuff,-27.130392,-109.294467,0.8508660611275254
557,SHEPARDSON & HUNT/LIPO,13-492-01,13-492-01,13-37-HLS-M,ROAD,ROAD MOAI,,Fragments in Association,2,Broken at neck.,496,159,Raraku Tuff,-27.130432,-109.294519,0.8576596757047968
558,SHEPARDSON & HUNT/LIPO,13-431-01,13-431-01,13-38-HLS-M,ROAD,ROAD MOAI,RANO RARAKU NORTH ROAD,Complete,1,Severe erosion to back.  ,488,,Raraku Tuff,-27.121012,-109.294795,0.8023103864925267
559,SHEPARDSON & HUNT/LIPO,Mahina-01,31-998-01,31-29-HLS-M,AHU,MAHINA,,Complete,1, ,568,196,Raraku Tuff,-27.095412,-109.294119,3.355778705255975
560,SHEPARDSON & HUNT/LIPO,Mahina-02,31-998-02,31-30-HLS-M,AHU,MAHINA,,Complete,1, ,534,218,Raraku Tuff,-27.095383,-109.294165,3.359749270521278
561,SHEPARDSON & HUNT/LIPO,13-593-01,13-593-01,13-39-HLS-M,AHU,MOAI TUU-TAHI,,Fragments in Association,2,Broken at neck.,547,221,Raraku Tuff,-27.137488,-109.290601,1.3877708728788098
562,SHEPARDSON & HUNT/LIPO,RR-239,RR-239,RR-333-HLS-M,QUARRY,RANO RARAKU,,Complete,1, ,Missing,,Raraku Tuff,-27.124544,-109.289252,0.12798440375767636
563,SHEPARDSON & HUNT/LIPO,RR-240,RR-240,RR-334-HLS-M,QUARRY,RANO RARAKU,,Complete,1, ,437,,Raraku Tuff,-27.124585,-109.289262,0.1263973091643268
564,SHEPARDSON & HUNT/LIPO,RR-241,RR-241,RR-335-HLS-M,QUARRY NOT BEDROCK,RANO RARAKU,,Complete,1, ,Missing,,Raraku Tuff,-27.124547,-109.289171,0.1211602949196976
565,SHEPARDSON & HUNT/LIPO,RR-048,RR-048,RR-344-HLS-M,QUARRY NOT BEDROCK,RANO RARAKU,,Complete,1, ,Missing,,Raraku Tuff,-27.126607,-109.287562,0.16996710025189982
566,SHEPARDSON & HUNT/LIPO,RR-049,RR-049,RR-345-HLS-M,QUARRY NOT BEDROCK,RANO RARAKU,,Complete,1, ,Missing,,Raraku Tuff,-27.126526,-109.287603,0.16012250063583336
567,SHEPARDSON & HUNT/LIPO,RR-050,RR-050,RR-346-HLS-M,QUARRY NOT BEDROCK,RANO RARAKU,,Complete,1, ,Missing,,Raraku Tuff,-27.126517,-109.287614,0.15880654703101577
568,SHEPARDSON & HUNT/LIPO,RR-051,RR-051,RR-347-HLS-M,QUARRY NOT BEDROCK,RANO RARAKU,,Complete,1, ,Missing,,Raraku Tuff,-27.126564,-109.287724,0.16037686789857852
569,SHEPARDSON & HUNT/LIPO,Maze-02,30-999-02,30-12-HLS-M,AHU,O HAE,,Fragments in Association,2,Fragments,,80,Raraku Tuff,-27.080159,-109.309106,5.40959392663395
570,SHEPARDSON & HUNT/LIPO,Maze-03,30-999-03,30-13-HLS-M,AHU,O HAE,,Fragments in Association,2,Severe erosion.,267,98,Raraku Tuff,-27.080285,-109.309407,5.408192567805563
571,SHEPARDSON & HUNT/LIPO,14-548-09,14-548-09,14-48-HLS-M,AHU,AHU TONGARIKI,,Complete,1,Restored ,Missing,,Raraku Tuff,-27.125738,-109.276773,1.1300323158455863
572,SHEPARDSON & HUNT/LIPO,14-548-10,14-548-10,14-49-HLS-M,AHU,AHU TONGARIKI,,Complete,1,Restored ,Missing,,Raraku Tuff,-27.12571,-109.276751,1.1320396943498345
573,SHEPARDSON & HUNT/LIPO,14-548-11,14-548-11,14-50-HLS-M,AHU,AHU TONGARIKI,,Complete,1,"Restored , Damage to nose and right eye and mouth.  ",Missing,,Raraku Tuff,-27.125693,-109.276714,1.1356005603815882
574,SHEPARDSON & HUNT/LIPO,14-548-14,14-548-14,14-51-HLS-M,AHU,AHU TONGARIKI,,Complete,1,Restored ,Missing,,Raraku Tuff,-27.125585,-109.276657,1.1406952114686877
575,SHEPARDSON & HUNT/LIPO,14-548-17,14-548-17,14-54-HLS-M,AHU,AHU TONGARIKI,,Complete,2,Broken at neck.,810,257,Raraku Tuff,-27.125382,-109.277815,1.0254024641826973
576,SHEPARDSON & HUNT/LIPO,14-548-18,14-548-18,14-55-HLS-M,AHU,AHU TONGARIKI,,Fragment,1,"Fragments, Severe damage.  ",Missing,220,Raraku Tuff,-27.125453,-109.276374,1.168211624055175
577,SHEPARDSON & HUNT/LIPO,14-548-20,14-548-20,14-57-HLS-M,AHU,AHU TONGARIKI,,Fragment,1,"Fragments, Severe damage.  ",Missing,,Raraku Tuff,-27.125456,-109.276397,1.1659442809190814
578,SHEPARDSON & HUNT/LIPO,14-548-21,14-548-21,14-58-HLS-M,AHU,AHU TONGARIKI,,Fragment,1,"Fragments, Severe damage.  ",Missing,,Raraku Tuff,-27.125431,-109.276376,1.1679517285790488
579,HUNT/LIPO,NONE,07-584-39,7-35-HL-M,AHU,URA URANGA TE MAHINA,,Fragments in Association,2, ,Missing,Missing,Raraku Tuff,-27.149978,-109.338875,5.725214682238827
580,SHEPARDSON & HUNT/LIPO,06-255-07,06-255-07,6-21-HLS-M,AHU,AHU HANGA TE'E,,Complete,1,Intact severe erosion,415,165,Raraku Tuff,-27.165921,-109.361998,8.59516409444467
581,SHEPARDSON & HUNT/LIPO,06-255-08,06-255-08,6-22-HLS-M,AHU,AHU HANGA TE'E,,Complete,1,Good preservation of hami and finger details.  ,400,142,Raraku Tuff,-27.165921,-109.361982,8.593817166788437
582,SHEPARDSON & HUNT/LIPO,07-069-01,07-069-01,7-37-HLS-M,ROAD,ROAD MOAI,,Fragments in Association,3,Broken at chin and shoulder.,691,181,Raraku Tuff,-27.153187,-109.35338,7.1655544105347415
583,SHEPARDSON & HUNT/LIPO,07-200-01,07-200-01,7-38-HLS-M,ROAD,ROAD MOAI,,Fragments in Association,2,Broken below neck.,636,156,Raraku Tuff,-27.152139,-109.350433,6.852256933404244
584,SHEPARDSON,RR-A-031,RR-A-031,RR-121-S-M,QUARRY,RANO RARAKU,,Missing,0, ,2068,,Raraku Tuff,-27.126154,-109.287619,0.12159171419914232
585,SHEPARDSON,RR-A-032,RR-A-032,RR-122-S-M,QUARRY,RANO RARAKU,,Missing,0, ,,,Raraku Tuff,-27.126056,-109.287628,0.11154488175146741
586,SHEPARDSON,RR-A-034,RR-A-034,RR-123-S-M,QUARRY,RANO RARAKU,,Missing,0, ,,,Raraku Tuff,-27.125944,-109.28754,0.10571743366574465
587,SHEPARDSON,RR-A-035,RR-A-035,RR-124-S-M,QUARRY,RANO RARAKU,,Missing,0, ,,,Raraku Tuff,-27.125897,-109.287513,0.10321497959531528
588,SHEPARDSON,RR-A-036,RR-A-036,RR-125-S-M,QUARRY,RANO RARAKU,,Missing,0, ,,,Raraku Tuff,-27.125866,-109.287512,0.10063062935722242
589,SHEPARDSON,RR-A-037,RR-A-037,RR-126-S-M,QUARRY,RANO RARAKU,,Missing,0, ,,,Raraku Tuff,-27.125811,-109.287545,0.09387390926660243
590,SHEPARDSON,RR-A-038,RR-A-038,RR-127-S-M,QUARRY,RANO RARAKU,,Missing,0,Broken at shoulders.,655,157,Raraku Tuff,-27.125815,-109.287583,0.09178127460960038
591,SHEPARDSON,RR-B-02,RR-B-02,RR-134-S-M,QUARRY,RANO RARAKU,,Missing,0, ,,,Raraku Tuff,-27.125586,-109.287436,0.085799902079864
592,SHEPARDSON,RR-B-03,RR-B-03,RR-135-S-M,QUARRY,RANO RARAKU,,Missing,0,Broken at chin.,,,Raraku Tuff,-27.125476,-109.287313,0.09118459063866458
593,SHEPARDSON,RR-B-04,RR-B-04,RR-136-S-M,QUARRY,RANO RARAKU,,Missing,0, ,,,Raraku Tuff,-27.125389,-109.287296,0.08972737147565803
594,SHEPARDSON,RR-B-05,RR-B-05,RR-137-S-M,QUARRY,RANO RARAKU,,Missing,0, ,,,Raraku Tuff,-27.125377,-109.287324,0.08670339439685354
595,SHEPARDSON,RR-B-06,RR-B-06,RR-138-S-M,QUARRY,RANO RARAKU,,Missing,0, ,,,Raraku Tuff,-27.125397,-109.287383,0.08171697334596065
596,HUNT/LIPO,NONE,03-999-02,3-9-HL-M,AHU,AHU PEA,,Fragment,1, ,Missing,Missing,Raraku Tuff,-27.147534,-109.430732,14.330190230903431
597,SHEPARDSON & HUNT/LIPO,08-003-04,08-003-04,8-4-HLS-M,AHU,AHU VAI URI,,Complete,1, ,Missing,Missing,Raraku Tuff,-27.139869,-109.42743,13.882884128911277
598,HUNT/LIPO,NONE,06-191-08,6-23-HL-M,AHU,AHU TARAKIU,,Fragment,1, ,Missing,Missing,Raraku Tuff,-27.167452,-109.36553,8.982017649483376
599,SHEPARDSON,RR-A-125,RR-A-125,RR-25-S-M,QUARRY,RANO RARAKU,,Missing,0,Severe erosion.,,,Raraku Tuff,-27.125474,-109.289505,0.13626847377995344
600,SHEPARDSON,RR-A-126,RR-A-126,RR-26-S-M,QUARRY,RANO RARAKU,,Missing,0, ,,,Raraku Tuff,-27.125481,-109.289457,0.131862662361787
601,SHEPARDSON,RR-B-07,RR-B-07,RR-27-S-M,QUARRY,RANO RARAKU,,Missing,0,Severe erosion.,,,Raraku Tuff,-27.125381,-109.287431,0.07665106572612314
602,SHEPARDSON,RR-B-08,RR-B-08,RR-28-S-M,QUARRY,RANO RARAKU,,Missing,0, ,,,Raraku Tuff,-27.125471,-109.28766,0.06023916363903361
603,SHEPARDSON,RR-A-039,RR-A-039,RR-128-S-M,QUARRY,RANO RARAKU,,Missing,0, ,,,Raraku Tuff,-27.125757,-109.287599,0.0858425666260587
604,SHEPARDSON,RR-A-040,RR-A-040,RR-129-S-M,QUARRY,RANO RARAKU,,Missing,0, ,,,Raraku Tuff,-27.125868,-109.287581,0.09652626922203919
662,SHEPARDSON,RR-B-01,RR-B-01,RR-133-S-M,QUARRY,RANO RARAKU,,Missing,0, ,234,,Raraku Tuff,-27.125568,-109.287447,0.0838226285553827
663,SHEPARDSON,RR-C-29,RR-C-29,RR-107-S-M,QUARRY,RANO RARAKU,,Missing,0,Severe erosion.,,,Raraku Tuff,-27.124975,-109.288604,0.048362352673394234
664,SHEPARDSON,RR-A-030,RR-A-030,RR-120-S-M,QUARRY,RANO RARAKU,,Missing,0,Severe erosion.,,,Raraku Tuff,-27.126119,-109.287509,0.12353926249144993
665,SHEPARDSON,Hekii-01,31-999-01,31-11-S-M,AHU,HEKII,,Missing,0,Broken at chest and neck.,382,150,Raraku Tuff,-27.088378,-109.299694,4.2408099133852835
666,SHEPARDSON,Hekii-02,31-999-02,31-12-S-M,AHU,HEKII,,Missing,0,Broken at neck.,,114,Raraku Tuff,-27.088203,-109.299671,4.258912681714194
667,SHEPARDSON & HUNT/LIPO,RR-111,RR-111,RR-180-HLS-M,QUARRY NOT BEDROCK,RANO RARAKU,,,1, ,Missing,,Raraku Tuff,-27.125935,-109.289418,0.1496051680393734
668,SHEPARDSON,Hekii-03,31-999-03,31-13-S-M,AHU,HEKII,,Missing,0,Broken at neck.,,,Raraku Tuff,-27.088547,-109.299688,4.222585059035571
669,SHEPARDSON,Hekii-04,31-999-04,31-14-S-M,AHU,HEKII,,Missing,0, ,,,Raraku Tuff,-27.08852,-109.299718,4.226273241584099
670,SHEPARDSON,Hekii-05,31-999-05,31-15-S-M,AHU,HEKII,,Missing,0, ,,,Raraku Tuff,-27.088484,-109.299739,4.23068275045078
671,SHEPARDSON,Hekii-06,31-999-06,31-16-S-M,AHU,HEKII,,Missing,0,Broken at stomach.,,,Raraku Tuff,-27.088467,-109.29981,4.234406798991039
672,SHEPARDSON,Hekii-07,31-999-07,31-17-S-M,AHU,HEKII,,Missing,0, ,,,Raraku Tuff,-27.08843,-109.29977,4.2372839724315305
673,SHEPARDSON,Hekii-08,31-999-08,31-18-S-M,AHU,HEKII,,Missing,0, ,,,Raraku Tuff,-27.088395,-109.299801,4.241855763031452
674,SHEPARDSON,RR-142,RR-142,RR-139-S-M,AHU,RANO RARAKU,,Missing,0,Severe erosion.,561,146,Raraku Tuff,-27.125165,-109.293984,0.5755870702996199
675,SHEPARDSON,RR-147,RR-147,RR-140-S-M,AHU,RANO RARAKU,,Missing,0, ,355,119,Raraku Tuff,-27.124103,-109.29217,0.41349134944313654
676,SHEPARDSON,RR-149,RR-149,RR-141-S-M,AHU,RANO RARAKU,,Missing,0,Lengthwise striations from weathering,442,175,Raraku Tuff,-27.124429,-109.292847,0.4703691445716604
677,SHEPARDSON,13-477-01,13-477-01,RR-142-S-M,ROAD,ROAD MOAI,,Missing,0,Intact severe erosion,783,243,Raraku Tuff,-27.128024,-109.290433,0.38755603787072046
678,SHEPARDSON,RR-203,RR-203,RR-143-S-M,QUARRY,RANO RARAKU,,Missing,0, ,,,Raraku Tuff,-27.121984,-109.283698,0.5669800969912118
679,SHEPARDSON,RR-067,RR-067,RR-144-S-M,QUARRY,RANO RARAKU,,Missing,0,Damage to nose.  ,,,Raraku Tuff,-27.126974,-109.28802,0.20024040356795206
605,SHEPARDSON,RR-B-09,RR-B-09,RR-29-S-M,QUARRY,RANO RARAKU,,Missing,0, ,357,138,Raraku Tuff,-27.125389,-109.287601,0.061134557142291455
606,SHEPARDSON,14-021-02,14-021-02,14-6-S-M,AHU,AHU ONE MAKIHI,,Missing,0,Broken at mouth.,565,206,Raraku Tuff,-27.13822,-109.283221,1.5286404097845265
607,SHEPARDSON,14-021-03,14-021-03,14-7-S-M,AHU,AHU ONE MAKIHI,,Missing,0,Good condition.  / Broken at shoulders.,553,205,Raraku Tuff,-27.138218,-109.283157,1.5304729484368622
608,SHEPARDSON,14-021-04,14-021-04,14-8-S-M,AHU,AHU ONE MAKIHI,,Missing,0,Broken at neck.,471,168,Raraku Tuff,-27.138184,-109.283104,1.5286168470735308
609,SHEPARDSON,14-548-22,14-548-22,14-9-S-M,AHU,AHU TONGARIKI,,Fragment,0,"Fragment, Part of Ahu ",,,Raraku Tuff,-27.125602,-109.276654,1.1410687983925811
610,SHEPARDSON,Mahatua-01,21-999-01,21-1-S-M,AHU,MAHATUA,,Missing,0, ,,89,Raraku Tuff,-27.091962,-109.271645,4.033329990227656
611,SHEPARDSON & HUNT/LIPO,13-331-01,13-331-01,13-4-HLS-M,ROAD,ROAD MOAI,,,1,Intact severe erosion,388,150,Raraku Tuff,-27.123791,-109.304481,1.6220800991003772
612,SHEPARDSON & HUNT/LIPO,13-332-01,13-332-01,13-5-HLS-M,ROAD,ROAD MOAI,,,1,"Single fragmant, Severe erosion.",705,238,Raraku Tuff,-27.123907,-109.305123,1.6842383002156438
613,SHEPARDSON & HUNT/LIPO,Road-NW-11,20-996-01,20-1-HLS-M,ROAD,ROAD MOAI,RANO RARAKU NORTH ROAD,Fragments in Association,2,Fragments  ,Missing,,Raraku Tuff,-27.114088,-109.305179,2.085666692338566
614,SHEPARDSON & HUNT/LIPO,13-419-01,13-419-01,20-4-HLS-M,AHU,RANO RARAKU ,RANO RARAKU NORTH ROAD,,1,"Single fragmant, Severe erosion.",Missing,49,Raraku Tuff,-27.116964,-109.299869,1.473810637647699
615,SHEPARDSON,RR-A-004,RR-A-004,RR-31-S-M,QUARRY,RANO RARAKU,,Missing,0, ,,,Raraku Tuff,-27.126509,-109.286958,0.19058601632829003
616,SHEPARDSON,RR-A-005,RR-A-005,RR-32-S-M,QUARRY,RANO RARAKU,,Missing,0, ,459,,Raraku Tuff,-27.126466,-109.28712,0.17703327116929554
617,SHEPARDSON,RR-A-006,RR-A-006,RR-33-S-M,QUARRY,RANO RARAKU,,Missing,0, ,409,146,Raraku Tuff,-27.126457,-109.28713,0.17564344793862913
618,SHEPARDSON,RR-A-007,RR-A-007,RR-34-S-M,QUARRY,RANO RARAKU,,Missing,0, ,,,Raraku Tuff,-27.126387,-109.287263,0.1617456085123704
619,SHEPARDSON,12-076-01,12-076-01,12-16-S-M,ROAD,ROAD MOAI,,Complete,0,Severe erosion.,412,163,Raraku Tuff,-27.124469,-109.313782,2.5367987180114886
620,SHEPARDSON,Road-NW-03,20-998-03,20-5-S-M,AHU,MAUNGA VEVERA,,Missing,0,"Fragment, Severe erosion.",,,Raraku Tuff,-27.108871,-109.311403,2.926684395357037
621,SHEPARDSON,Road-NW-04,20-998-04,20-6-S-M,AHU,MAUNGA VEVERA,,Missing,0,Broken at chin.,,122,Raraku Tuff,-27.108953,-109.311463,2.9257443319977554
622,SHEPARDSON,Road-NW-06,20-998-06,20-7-S-M,AHU,UKNOWN AHU,,Missing,0,Good detail and preservation on face.  / Broken at neck.,294,117,Raraku Tuff,-27.108908,-109.311514,2.932798119698769
623,SHEPARDSON,RR-028,RR-028,RR-47-S-M,QUARRY,RANO RARAKU,,Missing,0, ,,109,Raraku Tuff,-27.125636,-109.286704,0.1538907053620512
624,SHEPARDSON,RR-030,RR-030,RR-48-S-M,QUARRY,RANO RARAKU,,Missing,0, ,332,,Raraku Tuff,-27.126209,-109.286781,0.17911545493540326
625,SHEPARDSON,RR-033,RR-033,RR-49-S-M,QUARRY,RANO RARAKU,,Missing,0,Missing upper right part of body.  / Broken at neck.,,205,Raraku Tuff,-27.126758,-109.286913,0.2153163222282302
626,SHEPARDSON,RR-052,RR-052,RR-50-S-M,QUARRY,RANO RARAKU,,Missing,0, ,,,Raraku Tuff,-27.126465,-109.287776,0.14840769567656759
627,SHEPARDSON,RR-053,RR-053,RR-51-S-M,QUARRY,RANO RARAKU,,Missing,0, ,480,91,Raraku Tuff,-27.126429,-109.287776,0.1445560018542709
628,SHEPARDSON,RR-AU-01,RR-AU-01,RR-52-S-M,QUARRY,RANO RARAKU,,Missing,0, ,,,Raraku Tuff,-27.125744,-109.289361,0.1337594541038694
629,SHEPARDSON,RR-B-10,RR-B-10,RR-117-S-M,QUARRY,RANO RARAKU,,Missing,0,Severe erosion.,463,,Raraku Tuff,-27.125363,-109.287692,0.05171890474365806
630,SHEPARDSON,RR-B-11,RR-B-11,RR-118-S-M,QUARRY,RANO RARAKU,,Missing,0, ,,,Raraku Tuff,-27.125274,-109.287774,0.040715006287196334
631,SHEPARDSON,RR-A-029,RR-A-029,RR-119-S-M,QUARRY,RANO RARAKU,,Missing,0, ,368,,Raraku Tuff,-27.126082,-109.287469,0.12227869614094115
632,SHEPARDSON,RR-077,RR-077,RR-77-S-M,QUARRY,RANO RARAKU,,Missing,0, ,,,Raraku Tuff,-27.126741,-109.288216,0.17388564400785378
633,SHEPARDSON,RR-079,RR-079,RR-78-S-M,QUARRY,RANO RARAKU,,Missing,0,Crack on left side.  ,,,Raraku Tuff,-27.126661,-109.288308,0.16551082490282626
634,SHEPARDSON,RR-080,RR-080,RR-79-S-M,QUARRY,RANO RARAKU,,Missing,0, ,,,Raraku Tuff,-27.126475,-109.288553,0.14919848822629508
635,SHEPARDSON & HUNT/LIPO,Road-NW-02,20-998-02,20-10-HLS-M,AHU,UKNOWN AHU,RANO RARAKU NORTH ROAD,Fragment,1,Severe erosion.,Missing,,Raraku Tuff,-27.108882,-109.311436,2.9284984133659724
636,SHEPARDSON,RR-A-023,RR-A-023,RR-101-S-M,QUARRY,RANO RARAKU,,Missing,0, ,,,Raraku Tuff,-27.126088,-109.287176,0.14125913947369242
637,SHEPARDSON,RR-A-024,RR-A-024,RR-102-S-M,QUARRY,RANO RARAKU,,Missing,0, ,,,Raraku Tuff,-27.125988,-109.287138,0.136316173922673
638,HUNT/LIPO,NONE,Museum-20,Museum-20,AHU,RANO RARAKU ,RANO RARAKU NORTH ROAD,,1, ,Missing,Missing,Raraku Tuff,-27.11686,-109.299885,1.4822164610650153
639,HUNT/LIPO,NONE,20-999-26,20-15-HL-M,AHU,RANO RARAKU ,RANO RARAKU NORTH ROAD,,1, ,Missing,Missing,Raraku Tuff,-27.11686,-109.299885,1.4822164610650153
640,HUNT/LIPO,NONE,Museum-19,Museum-19,MUSEUM,ENGLERT MUSEUM,ENGLERT MUSEUM,,1, ,Missing,Missing,Raraku Tuff,-27.114704,-109.298235,1.5309408323602909
641,HUNT/LIPO,NONE,Museum-21,Museum-21,AHU,RANO RARAKU ,RANO RARAKU NORTH ROAD,,1, ,Missing,Missing,Raraku Tuff,-27.114729,-109.298231,1.528577068242879
642,HUNT/LIPO,NONE,20-999-29,20-18-HL-M,AHU,RANO RARAKU ,RANO RARAKU NORTH ROAD,,1, ,Missing,Missing,Raraku Tuff,-27.114699,-109.29838,1.5407413757653752
643,HUNT/LIPO,NONE,20-999-30,20-19-HL-M,AHU,RANO RARAKU ,RANO RARAKU NORTH ROAD,,1, ,Missing,Missing,Raraku Tuff,-27.114699,-109.29838,1.5407413757653752
644,HUNT/LIPO,NONE,20-999-31,20-20-HL-M,AHU,RANO RARAKU ,RANO RARAKU NORTH ROAD,,1, ,Missing,Missing,Raraku Tuff,-27.114772,-109.298417,1.5370501587454466
645,HUNT/LIPO,NONE,31-999-17,31-3-HL-M,AHU,HEKII,,,1, ,Missing,Missing,Raraku Tuff,-27.088478,-109.299756,4.231779747681473
646,HUNT/LIPO,NONE,31-999-18,31-5-HL-M,AHU,HEKII,,,1, ,Missing,Missing,Raraku Tuff,-27.088514,-109.299732,4.227289496437
647,HUNT/LIPO,NONE,31-999-19,31-6-HL-M,AHU,HEKII,,,1, ,Missing,Missing,Raraku Tuff,-27.088403,-109.299816,4.241404544367612
648,HUNT/LIPO,NONE,31-999-20,31-7-HL-M,AHU,HEKII,,,1, ,Missing,Missing,Raraku Tuff,-27.088341,-109.299812,4.247920349634758
649,HUNT/LIPO,NONE,31-999-21,31-9-HL-M,AHU,HEKII,,,1, ,Missing,Missing,Raraku Tuff,-27.088285,-109.300126,4.262431027340913
650,HUNT/LIPO,NONE,31-999-22,31-10-HL-M,AHU,HEKII,,,1, ,Missing,Missing,Raraku Tuff,-27.087887,-109.300074,4.3034763769585735
651,SHEPARDSON,RR-A-025,RR-A-025,RR-103-S-M,QUARRY,RANO RARAKU,,Missing,0, ,,,Raraku Tuff,-27.126121,-109.287257,0.13854988201007926
652,SHEPARDSON,RR-A-026,RR-A-026,RR-104-S-M,QUARRY,RANO RARAKU,,Missing,0, ,,,Raraku Tuff,-27.126114,-109.287339,0.1327850624200975
653,SHEPARDSON,RR-A-027,RR-A-027,RR-105-S-M,QUARRY,RANO RARAKU,,Missing,0, ,716,210,Raraku Tuff,-27.126013,-109.287419,0.11908031795786177
654,SHEPARDSON,RR-A-028,RR-A-028,RR-106-S-M,QUARRY,RANO RARAKU,,Missing,0, ,,,Raraku Tuff,-27.126041,-109.287435,0.12056099328109397
655,HUNT/LIPO,NONE,14-548-43,14-11-HL-M,AHU,AHU TONGARIKI,MOAI FRAGMENT PILE BY PUKAU AT TONGARIKI,,1, ,Missing,Missing,Raraku Tuff,-27.126407,-109.277635,1.051892152612151
656,HUNT/LIPO,NONE,14-548-44,14-12-HL-M,AHU,AHU TONGARIKI,MOAI FRAGMENT PILE BY PUKAU AT TONGARIKI,,1, ,Missing,Missing,Raraku Tuff,-27.126398,-109.277651,1.0501920129992905
657,HUNT/LIPO,NONE,14-548-45,14-13-HL-M,AHU,AHU TONGARIKI,MOAI FRAGMENT PILE BY PUKAU AT TONGARIKI,,1, ,Missing,Missing,Raraku Tuff,-27.126394,-109.277652,1.050036536984839
658,HUNT/LIPO,NONE,14-548-46,14-14-HL-M,AHU,AHU TONGARIKI,MOAI FRAGMENT PILE BY PUKAU AT TONGARIKI,,1, ,Missing,Missing,Raraku Tuff,-27.126389,-109.277658,1.0493760783714574
659,SHEPARDSON,RR-A-043,RR-A-043,RR-130-S-M,QUARRY,RANO RARAKU,,Missing,0,Water worn on chest.,,,Raraku Tuff,-27.126087,-109.287657,0.11325739354660393
660,SHEPARDSON,RR-A-044/RR-A-045,RR-A-044/RR-A-045,RR-131-S-M,QUARRY,RANO RARAKU,,Missing,0,Broken at mouth.,713,,Raraku Tuff,-27.126082,-109.287809,0.10683227251173119
661,SHEPARDSON,RR-A-046,RR-A-046,RR-132-S-M,QUARRY,RANO RARAKU,,Missing,0, ,,,Raraku Tuff,-27.12599,-109.287809,0.09726866065719436
680,SHEPARDSON,RR-C-08,RR-C-08,RR-145-S-M,QUARRY,RANO RARAKU,,Missing,0,Severe erosion.,,,Raraku Tuff,-27.124804,-109.289254,0.11494606829771628
681,SHEPARDSON,RR-C-12,RR-C-12,RR-146-S-M,QUARRY,RANO RARAKU,,Missing,0, ,329,,Raraku Tuff,-27.124772,-109.289083,0.10085063737125169
682,SHEPARDSON,RR-C-16,RR-C-16,RR-147-S-M,QUARRY,RANO RARAKU,,Missing,0, ,,,Raraku Tuff,-27.124718,-109.288927,0.0904968605979036
683,SHEPARDSON,RR-C-18,RR-C-18,RR-148-S-M,QUARRY,RANO RARAKU,,Missing,0,Left half of head missing,,142,Raraku Tuff,-27.124906,-109.2889,0.07819535012427631
684,SHEPARDSON,RR-C-25,RR-C-25,RR-149-S-M,QUARRY,RANO RARAKU,,Missing,0, ,,,Raraku Tuff,-27.124782,-109.288662,0.06538681360236837
685,HUNT/LIPO,NONE,14-548-51,14-20-HL-M,AHU,AHU TONGARIKI,MOAI FRAGMENT PILE BY PUKAU AT TONGARIKI,,1, ,Missing,Missing,Raraku Tuff,-27.126372,-109.277637,1.05119772449195
686,HUNT/LIPO,NONE,21-999-06,21-4-HL-M,AHU,MAHATUA,,,1, ,Missing,Missing,Raraku Tuff,-27.091946,-109.272081,4.017646276276562
687,HUNT/LIPO,NONE,21-999-07,21-5-HL-M,AHU,MAHATUA,,,1, ,Missing,Missing,Raraku Tuff,-27.091966,-109.271885,4.023344414019799
688,HUNT/LIPO,NONE,21-999-08,21-6-HL-M,AHU,MAHATUA,,,1, ,Missing,Missing,Raraku Tuff,-27.091953,-109.271802,4.027965167027488
689,HUNT/LIPO,NONE,21-999-09,21-7-HL-M,AHU,MAHATUA,,,1, ,Missing,Missing,Raraku Tuff,-27.09194,-109.271795,4.029565038915115
690,SHEPARDSON,RR-A-119,RR-A-119,RR-167-S-M,QUARRY,RANO RARAKU,,Missing,0,Severe erosion.,,,Raraku Tuff,-27.125456,-109.289151,0.10200479715288875
691,SHEPARDSON,RR-A-120,RR-A-120,RR-168-S-M,QUARRY,RANO RARAKU,,Missing,0,Severe erosion.,595,,Raraku Tuff,-27.125395,-109.289178,0.10273645732781261
692,HUNT/LIPO,NONE,RR-293,RR-169-HL-M,QUARRY,RANO RARAKU ,RANO RARAKU INTERIOR,,2, ,Missing,Missing,Raraku Tuff,-27.12462,-109.287927,0.06613558251023585
693,HUNT/LIPO,NONE,13-130-17,13-24-HL-M,ROAD,ROAD MOAI,WESTERN ROAD,,2, ,Missing,Missing,Raraku Tuff,-27.124462,-109.298284,1.0044089148575175
694,HUNT/LIPO,NONE,13-130-18,13-25-HL-M,ROAD,ROAD MOAI,WESTERN ROAD,,2, ,Missing,Missing,Raraku Tuff,-27.122449,-109.297182,0.9421028153774831
695,HUNT/LIPO,NONE,13-130-19,13-26-HL-M,ROAD,ROAD MOAI,WESTERN ROAD,,3, ,Missing,Missing,Raraku Tuff,-27.123691,-109.304088,1.5844677573556598
696,HUNT/LIPO,NONE,13-130-20,13-27-HL-M,ROAD,ROAD MOAI,NW OF RARAKU,,2, ,Missing,Missing,Raraku Tuff,-27.12585,-109.306302,1.7966309805444274
697,SHEPARDSON & HUNT/LIPO,RR-108,RR-108,RR-177-HLS-M,QUARRY NOT BEDROCK,RANO RARAKU,,,2, ,,,Raraku Tuff,-27.125902,-109.289721,0.17346267958905146
698,SHEPARDSON & HUNT/LIPO,RR-109,RR-109,RR-178-HLS-M,QUARRY NOT BEDROCK,RANO RARAKU,,,1, ,438,,Raraku Tuff,-27.125873,-109.289581,0.1597368373454349
699,SHEPARDSON & HUNT/LIPO,RR-C-01,RR-C-01,RR-187-HLS-M,QUARRY NOT BEDROCK,RANO RARAKU,,,1,Broken at neck.,,,Raraku Tuff,-27.124518,-109.289478,0.1486153605561348
700,SHEPARDSON & HUNT/LIPO,RR-C-02,RR-C-02,RR-188-HLS-M,QUARRY-BEDROCK,RANO RARAKU,,,1, ,,,Raraku Tuff,-27.124563,-109.289469,0.14544061958435756
701,HUNT/LIPO,NONE,20-999-33,20-23-HL-M,ROAD,ROAD MOAI,RANO RARAKU NORTH ROAD,,1, ,Missing,Missing,Raraku Tuff,-27.108271,-109.310389,2.8912390610428775
702,HUNT/LIPO,NONE,20-999-17,20-24-HL-M,AHU,UKNOWN AHU,RANO RARAKU NORTH ROAD,,1, ,Missing,Missing,Raraku Tuff,-27.108905,-109.311382,2.922717312543907
703,SHEPARDSON,RR-C-19,RR-C-19,RR-208-S-M,QUARRY,RANO RARAKU,,Missing,0, ,,,Raraku Tuff,-27.124643,-109.288826,0.08777734240724915
704,SHEPARDSON,RR-277,RR-277,RR-209-S-M,QUARRY,RANO RARAKU,,Missing,0, ,,,Raraku Tuff,-27.123695,-109.287062,0.1975354481191597
705,SHEPARDSON,RR-278,RR-278,RR-210-S-M,QUARRY,RANO RARAKU,,Missing,0, ,,,Raraku Tuff,-27.123758,-109.28705,0.19244109428343298
706,SHEPARDSON,RR-279,RR-279,RR-211-S-M,QUARRY,RANO RARAKU,,Missing,0, ,262,,Raraku Tuff,-27.123793,-109.287,0.192220608946341
707,SHEPARDSON,RR-284,RR-284,RR-214-S-M,QUARRY,RANO RARAKU,,Missing,0, ,,,Raraku Tuff,-27.123243,-109.287028,0.24242890023204386
708,SHEPARDSON,RR-C-20,RR-C-20,RR-215-S-M,QUARRY,RANO RARAKU,,Missing,0, ,,,Raraku Tuff,-27.124653,-109.288782,0.08383424782299705
709,SHEPARDSON,RR-C-21,RR-C-21,RR-216-S-M,QUARRY,RANO RARAKU,,Missing,0, ,,,Raraku Tuff,-27.12468,-109.288767,0.0806976928674039
710,SHEPARDSON,RR-U-01,RR-U-01,RR-217-S-M,QUARRY,RANO RARAKU,,Missing,0,Broken at neck.,,,Raraku Tuff,-27.123669,-109.290179,0.2598116653212634
711,HUNT/LIPO,NONE,20-999-07,20-26-HL-M,AHU,MAUNGA VEVERA,RANO RARAKU NORTH ROAD,,1, ,Missing,Missing,Raraku Tuff,-27.108831,-109.311514,2.938067974195974
712,SHEPARDSON,RR-209,RR-209,RR-235-S-M,QUARRY,RANO RARAKU,,Missing,0, ,342,,Raraku Tuff,-27.123818,-109.285738,0.284003033351589
713,SHEPARDSON,RR-210,RR-210,RR-236-S-M,QUARRY,RANO RARAKU,,Missing,0, ,,,Raraku Tuff,-27.123793,-109.285557,0.3007509560630072
714,SHEPARDSON,RR-211,RR-211,RR-237-S-M,QUARRY,RANO RARAKU,,Missing,0, ,,,Raraku Tuff,-27.12383,-109.285577,0.29696377030440746
715,SHEPARDSON,RR-215,RR-215,RR-238-S-M,QUARRY,RANO RARAKU,,Missing,0, ,,,Raraku Tuff,-27.123959,-109.286513,0.21243499340928637
716,SHEPARDSON,RR-216,RR-216,RR-239-S-M,QUARRY,RANO RARAKU,,Missing,0,Severe erosion.,,,Raraku Tuff,-27.124086,-109.286571,0.19917564921940475
717,SHEPARDSON,RR-227,RR-227,RR-240-S-M,QUARRY,RANO RARAKU,,Missing,0,Severe erosion.,,181,Raraku Tuff,-27.12464,-109.286119,0.2115548974279925
718,SHEPARDSON,RR-230,RR-230,RR-241-S-M,QUARRY,RANO RARAKU,,Missing,0,Channel carved lengthwise in nose.  ,,,Raraku Tuff,-27.124496,-109.286658,0.16759171669478085
719,SHEPARDSON,RR-D-02,RR-D-02,RR-242-S-M,QUARRY,RANO RARAKU,,Missing,0,Severe erosion.,,,Raraku Tuff,-27.124657,-109.287561,0.08331281224974393
720,SHEPARDSON,RR-D-03,RR-D-03,RR-243-S-M,QUARRY,RANO RARAKU,,Missing,0, ,633,,Raraku Tuff,-27.124666,-109.287531,0.08481798819751551
721,HUNT/LIPO,NONE,14-548-52,14-26-HL-M,AHU,AHU TONGARIKI,MOAI FRAGMENT BEHIND AHU TONGARIKI,,1, ,Missing,Missing,Raraku Tuff,-27.125426,-109.276367,1.1688291039883114
722,HUNT/LIPO,NONE,21-999-10,21-10-HL-M,AHU,MAHATUA,,,1, ,Missing,Missing,Raraku Tuff,-27.091898,-109.271571,4.042796689991761
723,HUNT/LIPO,NONE,21-999-11,21-11-HL-M,AHU,MAHATUA,,,1, ,Missing,Missing,Raraku Tuff,-27.091941,-109.271581,4.03803350572973
724,SHEPARDSON & HUNT/LIPO,RR-100,RR-100,RR-176-HLS-M,QUARRY NOT BEDROCK,RANO RARAKU,,,1, ,318,,Raraku Tuff,-27.125898,-109.289348,0.14156706853377296
725,SHEPARDSON & HUNT/LIPO,RR-C-11,RR-C-11,RR-194-HLS-M,QUARRY-BEDROCK,RANO RARAKU,,,1,Preform or severe erosion.  ,,,Raraku Tuff,-27.124601,-109.289092,0.11131552937507849
726,HUNT/LIPO,NONE,14-548-53,14-35-HL-M,AHU,MATA UURI,,,3, ,Missing,Missing,Raraku Tuff,-27.132034,-109.278303,1.238489002652158
727,HUNT/LIPO,NONE,14-548-54,14-36-HL-M,AHU,AHU TONGARIKI,MOAI FRAGMENT BEHIND AHU TONGARIKI,,1, ,Missing,Missing,Raraku Tuff,-27.125479,-109.276348,1.1708643475735634
728,HUNT/LIPO,NONE,14-548-55,14-37-HL-M,AHU,AHU TONGARIKI,MOAI FRAGMENT BEHIND AHU TONGARIKI,,1, ,Missing,Missing,Raraku Tuff,-27.12545,-109.276344,1.1711718638615063
729,HUNT/LIPO,NONE,14-548-56,14-38-HL-M,AHU,AHU TONGARIKI,MOAI FRAGMENT BEHIND AHU TONGARIKI,,1, ,Missing,Missing,Raraku Tuff,-27.12544,-109.276348,1.170747583857376
730,HUNT/LIPO,NONE,12-999-04,12-39-HL-M,ROAD,ROAD MOAI,WEST MOAI ROAD,,2, ,Missing,Missing,Raraku Tuff,-27.124571,-109.312302,2.3900085369228505
731,HUNT/LIPO,NONE,30-997-02,30-6-HL-M,AHU,OVAHE,,,1, ,Missing,Missing,Raraku Tuff,-27.076754,-109.31401,5.952471411771695
732,HUNT/LIPO,NONE,30-997-03,30-7-HL-M,AHU,OVAHE,,,1, ,Missing,Missing,Raraku Tuff,-27.076781,-109.31399,5.948914384924286
733,HUNT/LIPO,NONE,30-997-04,30-8-HL-M,AHU,OVAHE,,,1, ,Missing,Missing,Raraku Tuff,-27.07683,-109.31384,5.937632541335377
734,HUNT/LIPO,NONE,20-999-10,20-27-HL-M,AHU,UKNOWN AHU,RANO RARAKU NORTH  ROAD,,1, ,Missing,Missing,Raraku Tuff,-27.108831,-109.311469,2.934565003379716
735,HUNT/LIPO,NONE,20-999-16,20-28-HL-M,AHU,UKNOWN AHU,RANO RARAKU NORTH ROAD,,1, ,Missing,Missing,Raraku Tuff,-27.108831,-109.311391,2.9284993157759245
736,HUNT/LIPO,NONE,30-999-04,30-9-HL-M,AHU,O HAE,,,2, ,Missing,Missing,Raraku Tuff,-27.080218,-109.309119,5.404039069245414
737,HUNT/LIPO,NONE,31-997-03,31-27-HL-M,AHU,AHU TE PITO KURA,,,1, ,Missing,Missing,Raraku Tuff,-27.085246,-109.301614,4.627647642603754
738,HUNT/LIPO,NONE,RR-C-39,RR-197-HL-M,QUARRY-BEDROCK,RANO RARAKU ,RANO RARAKU INTERIOR,,1, ,Missing,Missing,Raraku Tuff,-27.124772,-109.288534,0.05744244584816683
739,HUNT/LIPO,NONE,30-997-05,30-11-HL-M,AHU,OVAHE,,,1, ,Missing,Missing,Raraku Tuff,-27.076852,-109.31381,5.934154572912121
740,HUNT/LIPO,NONE,31-997-04,31-28-HL-M,AHU,AHU TE PITO KURA,,,1, ,Missing,Missing,Raraku Tuff,-27.085329,-109.301623,4.619081501364263
741,SHEPARDSON,RR-A-002,RR-A-002,RR-199-S-M,QUARRY,RANO RARAKU,,Missing,0, ,,,Raraku Tuff,-27.126599,-109.286926,0.20037871252206
742,SHEPARDSON,RR-A-003,RR-A-003,RR-200-S-M,QUARRY,RANO RARAKU,,Missing,0, ,453,,Raraku Tuff,-27.126618,-109.286977,0.1990091791302142
743,SHEPARDSON,RR-B-14,RR-B-14,RR-201-S-M,QUARRY,RANO RARAKU,,Missing,0,Severe erosion.,,,Raraku Tuff,-27.125374,-109.288589,0.04699571557147859
744,SHEPARDSON,RR-253,RR-253,RR-202-S-M,QUARRY,RANO RARAKU,,Missing,0,Broken down left side.,312,,Raraku Tuff,-27.124629,-109.288228,0.06087739974744624
745,SHEPARDSON,RR-C-03,RR-C-03,RR-203-S-M,QUARRY,RANO RARAKU,,Missing,0, ,522,,Raraku Tuff,-27.124567,-109.289342,0.13422789176713507
746,SHEPARDSON,RR-C-05,RR-C-05,RR-204-S-M,QUARRY,RANO RARAKU,,Missing,0, ,,173,Raraku Tuff,-27.124583,-109.289303,0.12999808780588398
747,SHEPARDSON,RR-C-13,RR-C-13,RR-205-S-M,QUARRY,RANO RARAKU,,Missing,0,Severe erosion.,,,Raraku Tuff,-27.124585,-109.289065,0.11018069760617266
748,SHEPARDSON,RR-C-15,RR-C-15,RR-206-S-M,QUARRY,RANO RARAKU,,Missing,0, ,,,Raraku Tuff,-27.124679,-109.28904,0.1022229917194938
749,SHEPARDSON,RR-C-17,RR-C-17,RR-207-S-M,QUARRY,RANO RARAKU,,Missing,0,Preform or severe erosion.  ,348,,Raraku Tuff,-27.12465,-109.288904,0.09314678298855651
750,SHEPARDSON,RR-preform,RR-preform,RR-218-S-M,QUARRY,RANO RARAKU,,Missing,0,Very eroded or unfinished.,572,196,Raraku Tuff,-27.121522,-109.291761,0.5392616362861354
751,SHEPARDSON,RR-037,RR-037,RR-219-S-M,QUARRY,RANO RARAKU,,Missing,0, ,,,Raraku Tuff,-27.128089,-109.287484,0.3305068857253509
752,SHEPARDSON,RR-225,RR-225,RR-220-S-M,QUARRY,RANO RARAKU,,Missing,0,Severe erosion. Damage to face.,,,Raraku Tuff,-27.124701,-109.285937,0.22724183480273724
753,SHEPARDSON,RR-226,RR-226,RR-221-S-M,QUARRY,RANO RARAKU,,Missing,0, ,,,Raraku Tuff,-27.124657,-109.286078,0.21494125631809802
754,SHEPARDSON,RR-231,RR-231,RR-222-S-M,QUARRY,RANO RARAKU,,Missing,0,Severe erosion. Damage to left side of face.  ,253,,Raraku Tuff,-27.124704,-109.286219,0.20009957311706603
755,SHEPARDSON,RR-232,RR-232,RR-223-S-M,QUARRY,RANO RARAKU,,Missing,0,Severe erosion. Difficult to distinguish features.  ,,,Raraku Tuff,-27.12493,-109.286205,0.19642666379577278
756,SHEPARDSON,RR-238,RR-238,RR-224-S-M,QUARRY,RANO RARAKU,,Missing,0,Severe erosion.,,,Raraku Tuff,-27.124948,-109.286195,0.19714186372636838
757,SHEPARDSON,RR-D-01,RR-D-01,RR-225-S-M,QUARRY,RANO RARAKU,,Missing,0, ,621,393,Raraku Tuff,-27.124703,-109.287571,0.07912983170026361
758,SHEPARDSON,RR-D-04,RR-D-04,RR-226-S-M,QUARRY,RANO RARAKU,,Missing,0,Low relief on face,,,Raraku Tuff,-27.124783,-109.287507,0.07874966611252433
759,SHEPARDSON,RR-A-104,RR-A-104,RR-310-S-M,QUARRY,RANO RARAKU,,Missing,0,Damage to right side of head.  ,814,,Raraku Tuff,-27.125558,-109.288978,0.09058739003375786
760,SHEPARDSON,RR-A-105,RR-A-105,RR-311-S-M,QUARRY,RANO RARAKU,,Missing,0,Right side of face missing.  ,546,274,Raraku Tuff,-27.125573,-109.289012,0.09434114610338894
761,SHEPARDSON,RR-A-106,RR-A-106,RR-312-S-M,QUARRY,RANO RARAKU,,Missing,0, ,,146,Raraku Tuff,-27.125598,-109.288965,0.0916463923686154
762,SHEPARDSON,RR-A-107,RR-A-107,RR-313-S-M,QUARRY,RANO RARAKU,,Missing,0,Good preservation,992,,Raraku Tuff,-27.125589,-109.289045,0.09805947552970681
763,SHEPARDSON,RR-A-108,RR-A-108,RR-314-S-M,QUARRY,RANO RARAKU,,Missing,0, ,544,,Raraku Tuff,-27.125623,-109.289069,0.10195122355859537
764,SHEPARDSON,RR-A-109,RR-A-109,RR-315-S-M,QUARRY,RANO RARAKU,,Missing,0,Erosion on right side.  ,538,257,Raraku Tuff,-27.125651,-109.288967,0.09495960354339907
765,SHEPARDSON,RR-A-110,RR-A-110,RR-316-S-M,QUARRY,RANO RARAKU,,Missing,0, ,,,Raraku Tuff,-27.125706,-109.288931,0.09565566581336898
766,SHEPARDSON,RR-A-111,RR-A-111,RR-317-S-M,QUARRY,RANO RARAKU,,Missing,0,Severe erosion.,,,Raraku Tuff,-27.125628,-109.289129,0.10743450828373803
767,SHEPARDSON,RR-A-112,RR-A-112,RR-318-S-M,QUARRY,RANO RARAKU,,Missing,0,Severe erosion.,628,,Raraku Tuff,-27.125612,-109.289164,0.10971175818994182
768,SHEPARDSON,RR-A-113,RR-A-113,RR-319-S-M,QUARRY,RANO RARAKU,,Missing,0, ,,,Raraku Tuff,-27.125598,-109.289109,0.10414572353226953
769,SHEPARDSON,RR-A-114,RR-A-114,RR-320-S-M,QUARRY,RANO RARAKU,,Missing,0, ,,,Raraku Tuff,-27.125556,-109.289132,0.10420559162075411
770,SHEPARDSON,RR-D-05,RR-D-05,RR-227-S-M,QUARRY,RANO RARAKU,,Missing,0,Square flat facial features.,,,Raraku Tuff,-27.124774,-109.287499,0.07996274858933514
771,SHEPARDSON,RR-D-11,RR-D-11,RR-228-S-M,QUARRY,RANO RARAKU,,Missing,0, ,885,,Raraku Tuff,-27.124689,-109.287334,0.0987929684332905
772,SHEPARDSON,RR-D-12,RR-D-12,RR-229-S-M,QUARRY,RANO RARAKU,,Missing,0, ,,,Raraku Tuff,-27.124721,-109.287452,0.08713326551818251
773,SHEPARDSON,RR-D-13,RR-D-13,RR-230-S-M,QUARRY,RANO RARAKU,,Missing,0, ,741,,Raraku Tuff,-27.124704,-109.287402,0.09227224926745282
774,SHEPARDSON,RR-D-15,RR-D-15,RR-231-S-M,QUARRY,RANO RARAKU,,Missing,0,Missing part of head.  ,,,Raraku Tuff,-27.124751,-109.287406,0.08908324529243254
775,SHEPARDSON,RR-D-16,RR-D-16,RR-232-S-M,QUARRY,RANO RARAKU,,Missing,0, ,,,Raraku Tuff,-27.12468,-109.287281,0.10375398375956688
776,SHEPARDSON,RR-A-001,RR-A-001,RR-233-S-M,QUARRY,RANO RARAKU,,Missing,0, ,346,154,Raraku Tuff,-27.126699,-109.286965,0.20699699495636675
777,SHEPARDSON,RR-205,RR-205,RR-234-S-M,QUARRY,RANO RARAKU,,Missing,0,Severe erosion. Hole in left side of neck.  ,,,Raraku Tuff,-27.122753,-109.284635,0.4413066079144002
778,SHEPARDSON,RR-D-06,RR-D-06,RR-244-S-M,QUARRY,RANO RARAKU,,Missing,0,Severe erosion/damage.,,,Raraku Tuff,-27.124618,-109.287465,0.09324119236640828
779,SHEPARDSON,RR-D-07,RR-D-07,RR-245-S-M,QUARRY,RANO RARAKU,,Missing,0, ,488,,Raraku Tuff,-27.124614,-109.287426,0.09645145813790987
780,SHEPARDSON,RR-D-39,RR-D-39,RR-246-S-M,QUARRY,RANO RARAKU,,Missing,0,Damage to right side of head.  ,541,,Raraku Tuff,-27.12399,-109.286875,0.1836790087352384
781,SHEPARDSON,RR-D-40,RR-D-40,RR-247-S-M,QUARRY,RANO RARAKU,,Missing,0, ,,,Raraku Tuff,-27.123918,-109.286846,0.19143850580508565
782,SHEPARDSON,RR-D-41,RR-D-41,RR-248-S-M,QUARRY,RANO RARAKU,,Missing,0, ,,,Raraku Tuff,-27.123872,-109.286776,0.19991088195679607
783,SHEPARDSON,RR-D-42,RR-D-42,RR-249-S-M,QUARRY,RANO RARAKU,,Missing,0,Good preservation and detail.,,,Raraku Tuff,-27.123772,-109.286717,0.2120017139032956
784,SHEPARDSON,RR-D-43,RR-D-43,RR-250-S-M,QUARRY,RANO RARAKU,,Missing,0, ,498,,Raraku Tuff,-27.123799,-109.286767,0.2064477229343871
785,SHEPARDSON,RR-D-44,RR-D-44,RR-251-S-M,QUARRY,RANO RARAKU,,Missing,0,Severe erosion.,,,Raraku Tuff,-27.123672,-109.286719,0.22015513868557607
786,SHEPARDSON,RR-D-45,RR-D-45,RR-252-S-M,QUARRY,RANO RARAKU,,Missing,0,Erosion on right side.  ,311,,Raraku Tuff,-27.123574,-109.286689,0.23038734922265974
787,SHEPARDSON,RR-D-46,RR-D-46,RR-253-S-M,QUARRY,RANO RARAKU,,Missing,0, ,488,,Raraku Tuff,-27.123562,-109.286686,0.231604634894661
788,SHEPARDSON,RR-D-47,RR-D-47,RR-254-S-M,QUARRY,RANO RARAKU,,Missing,0, ,749,201,Raraku Tuff,-27.123383,-109.286673,0.24805264149558592
789,SHEPARDSON,RR-D-48,RR-D-48,RR-255-S-M,QUARRY,RANO RARAKU,,Missing,0, ,,,Raraku Tuff,-27.12331,-109.286644,0.25627829346413644
790,SHEPARDSON,RR-D-50,RR-D-50,RR-256-S-M,QUARRY,RANO RARAKU,,Missing,0, ,,,Raraku Tuff,-27.124414,-109.287497,0.10758488262688039
791,SHEPARDSON,RR-D-51,RR-D-51,RR-257-S-M,QUARRY,RANO RARAKU,,Missing,0,Severe erosion.,,,Raraku Tuff,-27.123173,-109.286484,0.27792607052886775
792,SHEPARDSON,RR-D-52,RR-D-52,RR-258-S-M,QUARRY,RANO RARAKU,,Missing,0, ,,,Raraku Tuff,-27.123608,-109.286599,0.23333098767602592
793,SHEPARDSON,RR-D-53,RR-D-53,RR-259-S-M,QUARRY,RANO RARAKU,,Missing,0,Severe damage/erosion.  ,,,Raraku Tuff,-27.124217,-109.287144,0.14705457395079977
794,SHEPARDSON,RR-D-54,RR-D-54,RR-260-S-M,QUARRY,RANO RARAKU,,Missing,0, ,,,Raraku Tuff,-27.124336,-109.287153,0.13714983459628555
795,SHEPARDSON,RR-U-02,RR-U-02,RR-261-S-M,QUARRY,RANO RARAKU,,Missing,0,Severe erosion.,,,Raraku Tuff,-27.123844,-109.287453,0.1639084786395649
796,SHEPARDSON,RR-292,RR-292,RR-262-S-M,QUARRY,RANO RARAKU,,Missing,0,Broken at neck.,,124,Raraku Tuff,-27.120913,-109.286206,0.5114801431328353
797,SHEPARDSON,14-021-01,14-021-01,14-40-S-M,AHU,AHU ONE MAKIHI,,Missing,0,Damage to right eye.  / Broken at neck.,392,145,Raraku Tuff,-27.138329,-109.283324,1.5368924456031692
798,SHEPARDSON,RR-267,RR-267,RR-263-S-M,QUARRY,RANO RARAKU,,Missing,0, ,700,184,Raraku Tuff,-27.124375,-109.287324,0.12206626280791782
799,SHEPARDSON,RR-268,RR-268,RR-264-S-M,QUARRY,RANO RARAKU,,Missing,0, ,,,Raraku Tuff,-27.124177,-109.287367,0.13635079131721578
800,SHEPARDSON,RR-269,RR-269,RR-265-S-M,QUARRY,RANO RARAKU,,Missing,0, ,,,Raraku Tuff,-27.124176,-109.287296,0.140652475971584
801,SHEPARDSON,RR-271,RR-271,RR-266-S-M,QUARRY,RANO RARAKU,,Missing,0, ,,,Raraku Tuff,-27.12394,-109.287219,0.1663019285093821
802,SHEPARDSON,RR-272,RR-272,RR-267-S-M,QUARRY,RANO RARAKU,,Missing,0, ,357,173,Raraku Tuff,-27.123895,-109.28719,0.1720453626224726
803,SHEPARDSON,RR-273,RR-273,RR-268-S-M,QUARRY,RANO RARAKU,,Missing,0, ,471,186,Raraku Tuff,-27.123875,-109.287069,0.18084046007660026
804,SHEPARDSON,RR-285,RR-285,RR-269-S-M,QUARRY,RANO RARAKU,,Missing,0,Left side destroyed,,,Raraku Tuff,-27.12317,-109.287019,0.25003020342723825
805,SHEPARDSON,RR-286,RR-286,RR-270-S-M,QUARRY,RANO RARAKU,,Missing,0, ,,,Raraku Tuff,-27.123179,-109.286989,0.2505136996186991
806,SHEPARDSON,RR-D-20,RR-D-20,RR-271-S-M,QUARRY,RANO RARAKU,,Missing,0, ,,,Raraku Tuff,-27.124559,-109.287112,0.12508462711287935
807,SHEPARDSON,RR-D-21,RR-D-21,RR-272-S-M,QUARRY,RANO RARAKU,,Missing,0, ,,,Raraku Tuff,-27.124625,-109.287214,0.11262588173121243
808,SHEPARDSON & HUNT/LIPO,14-548-26,14-548-26,14-62-HLS-M,AHU,AHU TONGARIKI,,Fragment,1,Part of Fragment pile - Broken at shoulders.,Missing,,Raraku Tuff,-27.126392,-109.277637,1.051480629330389
809,SHEPARDSON & HUNT/LIPO,14-493-01,14-493-01,14-63-HLS-M,ISOLATED,PARANGIA,,Fragment,1,"Fragments, Severe damage.  ",Missing,107,Raraku Tuff,-27.123531,-109.273503,1.4634548996609682
810,SHEPARDSON & HUNT/LIPO,14-493-02,14-493-02,14-64-HLS-M,ISOLATED,PARANGIA,,Fragment,1,"Fragments, Severe damage.  ",484,172,Raraku Tuff,-27.123357,-109.273281,1.487760350635818
811,SHEPARDSON & HUNT/LIPO,14-463-01,14-463-01,14-65-HLS-M,AHU,TE PA HAHA TEA,,Fragments in Association,1,Broken at neck.,Missing,121,Raraku Tuff,-27.122152,-109.27139,1.6947706936951599
812,SHEPARDSON & HUNT/LIPO,14-463-02,14-463-02,14-66-HLS-M,AHU,TE PA HAHA TEA,,Fragments in Association,1,Broken at neck.,389,128,Raraku Tuff,-27.122069,-109.271369,1.6986545140647504
813,SHEPARDSON & HUNT/LIPO,Mahatua-02,21-999-02,21-12-HLS-M,AHU,MAHATUA,,Fragments in Association,2,Damage to top of face.  / Broken at neck.,,102,Raraku Tuff,-27.091941,-109.27161,4.036866691665162
814,SHEPARDSON,RR-D-22,RR-D-22,RR-273-S-M,QUARRY,RANO RARAKU,,Missing,0, ,,,Raraku Tuff,-27.124456,-109.287108,0.13199801333657069
815,SHEPARDSON,RR-D-23,RR-D-23,RR-274-S-M,QUARRY,RANO RARAKU,,Missing,0, ,,,Raraku Tuff,-27.124432,-109.287146,0.13068622385214967
816,SHEPARDSON,RR-D-24,RR-D-24,RR-275-S-M,QUARRY,RANO RARAKU,,Missing,0, ,,,Raraku Tuff,-27.1244,-109.287133,0.13394025606172297
817,SHEPARDSON,RR-A-053,RR-A-053,RR-276-S-M,QUARRY,RANO RARAKU,,Missing,0, ,,,Raraku Tuff,-27.126026,-109.288005,0.09586298944849785
818,SHEPARDSON,RR-A-054,RR-A-054,RR-277-S-M,QUARRY,RANO RARAKU,,Missing,0, ,,,Raraku Tuff,-27.126017,-109.288015,0.09471332783205878
819,SHEPARDSON & HUNT/LIPO,Poike-13,25-999-10,25-14-HLS-M,AHU,UKNOWN AHU,,Fragment,1,Damage to left side of base.  ,,,Trachyte,-27.104408,-109.241069,5.201655146467099
820,SHEPARDSON & HUNT/LIPO,Poike-14,25-999-11,25-15-HLS-M,AHU,UKNOWN AHU,,Fragment,1,Face olny,,,Trachyte,-27.104408,-109.241082,5.200501452716035
821,HUNT/LIPO,NONE,07-575-11,7-49-HL-M,AHU,URA URANGA TE MAHINA,,Fragments in Association,1,"Broken at neck, Body face down",Missing,Missing,Raraku Tuff,-27.150086,-109.339033,5.744694937559226
822,SHEPARDSON,RR-A-055,RR-A-055,RR-278-S-M,QUARRY,RANO RARAKU,,Missing,0, ,,,Raraku Tuff,-27.125988,-109.28808,0.09068179061430746
823,SHEPARDSON,RR-A-056,RR-A-056,RR-279-S-M,QUARRY,RANO RARAKU,,Missing,0,Very little detail.,,,Raraku Tuff,-27.125926,-109.28801,0.08485258935943293
824,SHEPARDSON,RR-A-057,RR-A-057,RR-280-S-M,QUARRY,RANO RARAKU,,Missing,0,Top portion missing.,,,Raraku Tuff,-27.125936,-109.288059,0.08518279146629575
825,SHEPARDSON,RR-A-059,RR-A-059,RR-281-S-M,QUARRY,RANO RARAKU,,Missing,0,Damage to right side.  ,,,Raraku Tuff,-27.125827,-109.288055,0.07326202706056811
826,SHEPARDSON,RR-A-060,RR-A-060,RR-282-S-M,QUARRY,RANO RARAKU,,Missing,0, ,,,Raraku Tuff,-27.125908,-109.288098,0.08167463592199135
827,SHEPARDSON,RR-A-061,RR-A-061,RR-283-S-M,QUARRY,RANO RARAKU,,Missing,0,Top portion missing.,,,Raraku Tuff,-27.125883,-109.288086,0.07902676508646557
828,SHEPARDSON,RR-A-062,RR-A-062,RR-284-S-M,QUARRY,RANO RARAKU,,Missing,0, ,869,,Raraku Tuff,-27.125899,-109.287993,0.08225222200651316
829,SHEPARDSON,RR-A-063,RR-A-063,RR-285-S-M,QUARRY,RANO RARAKU,,Missing,0, ,,,Raraku Tuff,-27.12595,-109.288128,0.08612542939812252
830,SHEPARDSON,RR-A-064,RR-A-064,RR-286-S-M,QUARRY,RANO RARAKU,,Missing,0, ,,,Raraku Tuff,-27.125992,-109.288271,0.09123657145043185
831,SHEPARDSON,RR-A-065,RR-A-065,RR-287-S-M,QUARRY,RANO RARAKU,,Missing,0,Severe erosion. Cracked across nose.,,,Raraku Tuff,-27.125992,-109.288205,0.09075317181253671
832,SHEPARDSON,RR-A-066,RR-A-066,RR-288-S-M,QUARRY,RANO RARAKU,,Missing,0, ,,,Raraku Tuff,-27.125972,-109.288193,0.0884962983296376
833,SHEPARDSON,RR-A-067,RR-A-067,RR-289-S-M,QUARRY,RANO RARAKU,,Missing,0, ,,,Raraku Tuff,-27.125792,-109.288157,0.06849909151242264
834,SHEPARDSON,RR-A-069,RR-A-069,RR-290-S-M,QUARRY,RANO RARAKU,,Missing,0, ,,,Raraku Tuff,-27.125704,-109.288158,0.058731016550051945
835,SHEPARDSON,RR-A-070,RR-A-070,RR-291-S-M,QUARRY,RANO RARAKU,,Missing,0, ,,,Raraku Tuff,-27.125658,-109.28826,0.05434833823616048
836,HUNT/LIPO,NONE,06-255-11,6-26-HL-M,AHU,AHU HANGA TE'E,,Fragments in Association,2, ,Missing,Missing,Raraku Tuff,-27.165855,-109.362181,8.606729509188817
837,HUNT/LIPO,NONE,06-255-12,6-27-HL-M,AHU,AHU HANGA TE'E,,Fragments in Association,2, ,Missing,Missing,Raraku Tuff,-27.165853,-109.362213,8.609310221650594
838,HUNT/LIPO,NONE,07-999-01,7-39-HL-M,AHU,UKNOWN AHU,,Complete,1, ,Missing,Missing,Raraku Tuff,-27.163038,-109.35513,7.849053466658383
839,SHEPARDSON & HUNT/LIPO,RR-056,RR-056,RR-348-HLS-M,QUARRY NOT BEDROCK,RANO RARAKU,,Complete,1, ,794,349,Raraku Tuff,-27.126745,-109.287802,0.1780374216955473
840,SHEPARDSON & HUNT/LIPO,03-131-01,03-131-01,3-3-HLS-M,AHU,TAUTIRA,,Complete,1,"Restored , Damage to left eye.  ",Missing,,Raraku Tuff,-27.147265,-109.430618,14.313929820004354
841,SHEPARDSON & HUNT/LIPO,08-167-02,08-167-02,3-6-HLS-M,AHU,AHU ORONGO,,Fragment,1,Severe erosion.,Missing,,Raraku Tuff,-27.145328,-109.4299,14.208470387596835
842,SHEPARDSON & HUNT/LIPO,Akivi-07,16-999-07,16-12-HLS-M,AHU,AHU A KIVI,,Complete,1,Restored ,Missing,,Raraku Tuff,-27.11513,-109.395034,10.638129338625468
843,SHEPARDSON & HUNT/LIPO,Poike-02,24-998-01,24-7-HLS-M,ISOLATED,POIKE CAVES,,Fragment,1,Broken at neck.,Missing,79,Raraku Tuff,-27.098792,-109.252335,4.600229922882939
844,SHEPARDSON & HUNT/LIPO,Poike-04,25-999-01,25-6-HLS-M,AHU,ANA O KEKE,,Fragments in Association,2,"Crack across face, damage to nose and ears.  ",Missing,,Trachyte,-27.104387,-109.241477,5.1665175938405685
845,SHEPARDSON & HUNT/LIPO,Poike-05,25-999-02,25-7-HLS-M,AHU,ANA O KEKE,,Complete,1,Damage to base.  ,199,71,Trachyte,-27.104508,-109.241312,5.175170396879028
846,SHEPARDSON & HUNT/LIPO,Poike-06,25-999-03,25-8-HLS-M,AHU,ANA O KEKE,,Complete,1,Erosion to back side.  ,215,100,Trachyte,-27.104621,-109.241374,5.164115391279613
847,SHEPARDSON & HUNT/LIPO,Poike-07,25-999-04,25-9-HLS-M,AHU,ANA O KEKE,,Fragment,1,Fragment,,,Trachyte,-27.104649,-109.241289,5.17029559802496
848,SHEPARDSON & HUNT/LIPO,Poike-08,25-999-05,25-10-HLS-M,AHU,ANA O KEKE,,Complete,1,Complete Severe erosion,,,Trachyte,-27.104759,-109.241217,5.171332854823061
849,SHEPARDSON & HUNT/LIPO,Poike-09,25-999-06,25-11-HLS-M,AHU,ANA O KEKE,,Fragment,1,Broken at chest.,,51,Trachyte,-27.10478,-109.241195,5.172270000651406
850,SHEPARDSON & HUNT/LIPO,Poike-10,25-999-07,25-12-HLS-M,AHU,ANA O KEKE,,Fragment,1,Fragment,,,Trachyte,-27.104585,-109.241013,5.197957125924274
851,SHEPARDSON & HUNT/LIPO,Poike-12,25-999-09,25-13-HLS-M,AHU,ANA O KEKE,,Fragment,1,Broken at chest.,,,Trachyte,-27.104468,-109.241078,5.1979079948749325
852,HUNT/LIPO,NONE,07-575-12,7-52-HL-M,AHU,URA URANGA TE MAHINA,,Complete,1,Intact good condition,Missing,Missing,Raraku Tuff,-27.149886,-109.339466,5.771723064100077
853,SHEPARDSON & HUNT/LIPO,06-255-05,06-255-05,6-32-HLS-M,AHU,AHU HANGA TE'E,,Fragments in Association,3,Broken head.,482,181,Raraku Tuff,-27.165893,-109.36207,8.599592386922696
854,SHEPARDSON & HUNT/LIPO,06-255-06,06-255-06,6-33-HLS-M,AHU,AHU HANGA TE'E,,Complete,1,Intact good condition,476,188,Raraku Tuff,-27.165899,-109.362047,8.59800544125442
855,SHEPARDSON & HUNT/LIPO,09-999-01,09-999-01,16-1-HLS-M,ISOLATED,AHU A KIVI,,Fragments in Association,2,Severe erosion.  / Broken above base.,Missing,,Raraku Tuff,-27.122158,-109.384066,9.499608673119361
856,SHEPARDSON & HUNT/LIPO,Piti-02,16-998-01,16-2-HLS-M,ISOLATED,AHU A KIVI,,Complete,1,Intact severe erosion,Missing,130,Raraku Tuff,-27.119055,-109.381346,9.249403969671523
857,SHEPARDSON & HUNT/LIPO,18-298-01,18-298-01,18-1-HLS-M,ISOLATED,RED SCORIA QUARANO RARAKUY,RED SCORIA QUARANO RARAKUY,Fragment,1,Fragment missing head,Missing,61,Red Scoria,-27.103505,-109.34803,6.395697001617628
858,SHEPARDSON & HUNT/LIPO,18-299-01,18-299-01,18-2-HLS-M,QUARRY,RED SCORIA QUARANO RARAKUY,RED SCORIA QUARANO RARAKUY,Fragment,1,Erosion/damage to base.  ,Missing,62,Red Scoria,-27.103054,-109.347939,6.406370319215439
859,SHEPARDSON & HUNT/LIPO,18-303-01,18-303-01,18-4-HLS-M,ISOLATED,RED SCORIA QUARANO RARAKUY,RED SCORIA QUARANO RARAKUY,Fragments in Association,3,Broken at stomach and chin.,180,59,Red Scoria,-27.103052,-109.347706,6.385156387475037
860,SHEPARDSON & HUNT/LIPO,11-205-01,11-205-01,11-1-HLS-M,ROAD,ROAD MOAI,WESTERN MOAI ROAD,Complete,1,Intact severe erosion,Missing,182,Raraku Tuff,-27.127076,-109.343801,5.511509813843009
861,SHEPARDSON & HUNT/LIPO,11-226-01,11-226-01,11-2-HLS-M,ROAD,ROAD MOAI,WESTERN MOAI ROAD,Complete,1,Intact severe erosion,Missing,139,Raraku Tuff,-27.126982,-109.341779,5.311079823502868
862,SHEPARDSON & HUNT/LIPO,Vai Teka-01,15-997-01,15-4-HLS-M,AHU,VAI TEKA,,Fragment,1,Fragment missing head,Missing,,Raraku Tuff,-27.115687,-109.402115,11.32961093525505
863,SHEPARDSON & HUNT/LIPO,Road-I-03,19-997-01,19-2-HLS-M,ROAD,ROAD MOAI,WESTERN MOAI ROAD,Complete,1,Severe erosion to back side.  ,478,161,Raraku Tuff,-27.122155,-109.323336,3.4975355816286666
864,SHEPARDSON & HUNT/LIPO,Road-I-02,19-998-01,12-22-HLS-M,ROAD,ROAD MOAI,WESTERN MOAI ROAD,Complete,1,"Good preservation on face, severe erosion on back.  ",385,,Raraku Tuff,-27.12269,-109.320007,3.16390981508644
865,HUNT/LIPO,NONE,25-999-16,25-4-HL-M,AHU,UKNOWN AHU,,Fragment,1, ,Missing,Missing,Trachyte,-27.104647,-109.241281,5.171104383183346
866,HUNT/LIPO,NONE,24-998-03,24-4-HL-M,ISOLATED,POIKE CAVES,,Fragment,1, ,Missing,Missing,Raraku Tuff,-27.098757,-109.25229,4.606138786966574
867,HUNT/LIPO,NONE,24-997-03,24-5-HL-M,ISOLATED,HANGA TAVAKA,NORTH HILL ON POIKE,Complete,1, ,Missing,Missing,Raraku Tuff,-27.094577,-109.250279,5.060331261938699
868,HUNT/LIPO,NONE,24-997-02,24-6-HL-M,AHU,HANGA TAVAKA,NORTH POIKE AHU,Fragment,1, ,Missing,Missing,Raraku Tuff,-27.094694,-109.248699,5.168839237247984
869,HUNT/LIPO,NONE,25-999-19,25-3-HL-M,AHU,UKNOWN AHU,,Fragment,1, ,Missing,Missing,Trachyte,-27.10453,-109.24102,5.2000222371171505
870,HUNT/LIPO,NONE,19-999-02,19-3-HL-M,AHU,UKNOWN AHU,INLAND AHU ON WESTERN MOAI RD,Fragments in Association,1, ,Missing,Missing,Raraku Tuff,-27.120842,-109.326001,3.776025064765627
871,SHEPARDSON,RR-115,RR-115,RR-365-S-M,QUARRY,RANO RARAKU,,Missing,0,Broken at mouth.,721,211,Raraku Tuff,-27.12704,-109.289847,0.26536549654039265
872,SHEPARDSON,RR-116,RR-116,RR-366-S-M,QUARRY,RANO RARAKU,,Missing,0,Broken at neck.,860,247,Raraku Tuff,-27.127078,-109.289938,0.2743275073949784
873,SHEPARDSON,RR-117,RR-117,RR-367-S-M,QUARRY,RANO RARAKU,,Missing,0,Severe erosion.  / Broken at chin.,805,205,Raraku Tuff,-27.127885,-109.290281,0.36628275719858877
874,SHEPARDSON,RR-129,RR-129,RR-368-S-M,QUARRY,RANO RARAKU,,Missing,0,Broken at chin.,595,180,Raraku Tuff,-27.127035,-109.291548,0.39301883629774037
875,HUNT/LIPO,NONE,16-999-08,16-5-HL-M,ISOLATED,AHU A KIVI,,Complete,1, ,Missing,Missing,Raraku Tuff,-27.121632,-109.39048,10.136322053320637
876,SHEPARDSON & HUNT/LIPO,11-136-01,11-136-01,12-42-HLS-M,ISOLATED,VAITEA,INTERIOR AKAHANGA,Complete,1,Intact severe erosion,Missing,143,Raraku Tuff,-27.134959,-109.335753,4.8342841023948715
877,SHEPARDSON & HUNT/LIPO,Pui-01,18-999-01,19-4-HLS-M,ISOLATED,MAUNGA PUI,,Complete,1,Severe erosion. Missing top of head and possibly base. ,Missing,,Raraku Tuff,-27.114813,-109.335367,4.811985340599311
878,SHEPARDSON & HUNT/LIPO,18-350-01,18-350-01,19-5-HLS-M,ROAD,ROAD MOAI,WESTERN MOAI ROAD,Complete,1,Intact severe erosion,483,140,Raraku Tuff,-27.115277,-109.331035,4.383552367762259
879,SHEPARDSON & HUNT/LIPO,Road-I-04,19-996-01,19-6-HLS-M,AHU,UKNOWN AHU,INLAND AHU ON WESTERN MOAI RD,Fragments in Association,1,Severe erosion.  / Broken at neck.,Missing,,Raraku Tuff,-27.120805,-109.326001,3.776550381931789
880,SHEPARDSON & HUNT/LIPO,Akivi-01,16-999-01,16-6-HLS-M,AHU,AHU A KIVI,,Complete,1,Restored ,339,,Raraku Tuff,-27.114928,-109.395053,10.642373004165938
881,SHEPARDSON & HUNT/LIPO,Akivi-02,16-999-02,16-7-HLS-M,AHU,AHU A KIVI,,Complete,1,Restored ,Missing,,Raraku Tuff,-27.114965,-109.395038,10.640458292796195
882,SHEPARDSON & HUNT/LIPO,Akivi-03,16-999-03,16-8-HLS-M,AHU,AHU A KIVI,,Complete,1,Restored ,Missing,,Raraku Tuff,-27.114996,-109.395039,10.64019078391586
883,SHEPARDSON & HUNT/LIPO,Akivi-04,16-999-04,16-9-HLS-M,AHU,AHU A KIVI,,Complete,1,Restored ,Missing,,Raraku Tuff,-27.115031,-109.395042,10.640074273982336
884,SHEPARDSON & HUNT/LIPO,Akivi-05,16-999-05,16-10-HLS-M,AHU,AHU A KIVI,,Complete,1,Restored ,Missing,,Raraku Tuff,-27.115062,-109.395038,10.6393168912052
885,SHEPARDSON & HUNT/LIPO,Akivi-06,16-999-06,16-11-HLS-M,AHU,AHU A KIVI,,Complete,1,Restored ,Missing,,Raraku Tuff,-27.115098,-109.395039,10.638994470915778
886,SHEPARDSON & HUNT/LIPO,Poike-15,25-999-12,25-16-HLS-M,AHU,UKNOWN AHU,,Fragment,1,Broken at chest.,,,Trachyte,-27.104402,-109.241263,5.184741160525587
887,SHEPARDSON & HUNT/LIPO,Poike-16,25-999-13,25-17-HLS-M,AHU,UKNOWN AHU,,Fragment,1,"Body missing lower right, erosion to back side.  ",,,Trachyte,-27.104414,-109.241277,5.182907421851904
888,SHEPARDSON & HUNT/LIPO,Poike-17,25-999-14,25-18-HLS-M,AHU,UKNOWN AHU,,Fragment,1,Good detail in hands.  / Broken at chest.,,,Trachyte,-27.104398,-109.24129,5.182544749386816
889,SHEPARDSON & HUNT/LIPO,Poike-18,25-999-15,25-19-HLS-M,AHU,UKNOWN AHU,,Complete,1,Damage/erosion to head.   ,,,Trachyte,-27.104509,-109.241248,5.180801500806094
890,SHEPARDSON & HUNT/LIPO,14-548-24,14-548-24,14-60-HLS-M,AHU,AHU TONGARIKI,,,1,Part of Fragment pile - Broken at shoulders.,Missing,88,Raraku Tuff,-27.126361,-109.277636,1.051142313519208
891,SHEPARDSON & HUNT/LIPO,14-548-25,14-548-25,14-61-HLS-M,AHU,AHU TONGARIKI,,,1,Part of Fragment pile - Broken at chest.,Missing,152,Raraku Tuff,-27.12638,-109.277623,1.0526850846438618
892,SHEPARDSON,RR-A-010,RR-A-010,RR-349-S-M,QUARRY,RANO RARAKU,,Missing,0, ,1026,248,Raraku Tuff,-27.126343,-109.287374,0.1517190637985287
893,SHEPARDSON,RR-A-011,RR-A-011,RR-350-S-M,QUARRY,RANO RARAKU,,Missing,0, ,,,Raraku Tuff,-27.126323,-109.287253,0.1564590945671817
894,SHEPARDSON,RR-A-013,RR-A-013,RR-351-S-M,QUARRY,RANO RARAKU,,Missing,0, ,,,Raraku Tuff,-27.126289,-109.287405,0.14500379974620511
895,SHEPARDSON,RR-A-014,RR-A-014,RR-352-S-M,QUARRY,RANO RARAKU,,Missing,0, ,,,Raraku Tuff,-27.126325,-109.287354,0.1510648111112612
896,SHEPARDSON,RR-A-015,RR-A-015,RR-353-S-M,QUARRY,RANO RARAKU,,Missing,0, ,904,,Raraku Tuff,-27.126291,-109.287236,0.1545808025985345
897,SHEPARDSON,RR-A-017,RR-A-017,RR-354-S-M,QUARRY,RANO RARAKU,,Missing,0, ,211,70,Raraku Tuff,-27.126245,-109.287282,0.1477661417370929
898,SHEPARDSON,RR-A-018,RR-A-018,RR-355-S-M,QUARRY,RANO RARAKU,,Missing,0, ,1096,,Raraku Tuff,-27.126235,-109.287199,0.15193636905272867
899,SHEPARDSON,RR-A-019,RR-A-019,RR-356-S-M,QUARRY,RANO RARAKU,,Missing,0, ,1017,,Raraku Tuff,-27.126204,-109.287185,0.15018373808793836
900,SHEPARDSON,RR-A-020,RR-A-020,RR-357-S-M,QUARRY,RANO RARAKU,,Missing,0, ,,,Raraku Tuff,-27.126197,-109.287245,0.14579117939359737
901,SHEPARDSON,RR-A-021,RR-A-021,RR-358-S-M,QUARRY,RANO RARAKU,,Missing,0, ,722,,Raraku Tuff,-27.126169,-109.287165,0.14856933257202942
902,SHEPARDSON,RR-A-022,RR-A-022,RR-359-S-M,QUARRY,RANO RARAKU,,Missing,0, ,,,Raraku Tuff,-27.126138,-109.287213,0.14283679322236023
903,SHEPARDSON,RR-070,RR-070,RR-360-S-M,QUARRY,RANO RARAKU,,Missing,0,Broken at neck.,811,182,Raraku Tuff,-27.127462,-109.288325,0.2543203599285084
904,SHEPARDSON,RR-072,RR-072,RR-361-S-M,QUARRY,RANO RARAKU,,Missing,0,Severe erosion on head.  ,,,Raraku Tuff,-27.12726,-109.288327,0.23195634087917535
905,SHEPARDSON,RR-073,RR-073,RR-362-S-M,QUARRY,RANO RARAKU,,Missing,0,Broken at chin.,,213,Raraku Tuff,-27.127189,-109.288313,0.2240018115220364
906,SHEPARDSON,RR-091,RR-091,RR-363-S-M,QUARRY,RANO RARAKU,,Missing,0, ,558,195,Raraku Tuff,-27.127464,-109.289022,0.2677138833628383
907,SHEPARDSON,RR-092,RR-092,RR-364-S-M,QUARRY,RANO RARAKU,,Missing,0,Broken at chin.,612,235,Raraku Tuff,-27.12733,-109.289321,0.264959254652983
908,SHEPARDSON,RR-132,RR-132,RR-369-S-M,QUARRY,RANO RARAKU,,Missing,0,Damage to head.  / Broken at shoulders.,547,143,Raraku Tuff,-27.127692,-109.291457,0.42889476137868404
910,SHEPARDSON & HUNT/LIPO,03-132-01,03-132-01,3-4-HLS-M,ISOLATED,HANGA ROA,,Complete,1,Restored ,Missing,,Raraku Tuff,-27.146947,-109.430333,14.280116684315432
911,SHEPARDSON & HUNT/LIPO,08-167-01,08-167-01,3-5-HLS-M,AHU,AHU ORONGO,,Fragment,1,Pieces missing from body.  ,Missing,,Raraku Tuff,-27.14533,-109.429952,14.213589148514453
912,SHEPARDSON & HUNT/LIPO,08-003-01,08-003-01,8-1-HLS-M,AHU,AHU VAI URI,,Fragment,1,Broken at chin.,Missing,,Raraku Tuff,-27.139744,-109.42741,13.879294344053811
913,SHEPARDSON & HUNT/LIPO,06-253-01,06-253-01,6-12-HLS-M,AHU,AHU HANGA TE E,,Missing,1,Severe erosion. Top half of face missing.  / Broken at face.,Missing,,Raraku Tuff,-27.16505,-109.362477,8.585283949065559
914,SHEPARDSON & HUNT/LIPO,06-253-02,06-253-02,6-13-HLS-M,AHU,HANGA TE E,,Fragment,1,"Fragment of face only, Server erosion ",Missing,,Raraku Tuff,-27.165066,-109.362476,8.586114876953843
915,SHEPARDSON & HUNT/LIPO,06-254-01,06-254-01,6-14-HLS-M,AHU,HANGA TE E,,Fragment,1,"Fragment of face only, Server erosion ",Missing,,Raraku Tuff,-27.165482,-109.362293,8.594545170354293
916,SHEPARDSON,07-575-04,07-575-04,7-3-S-M,AHU,URA URANGA TE MAHINA,,Complete,0, ,661,272,Raraku Tuff,-27.150012,-109.338825,5.722692249342177
917,SHEPARDSON,O Kava-01,04-999-01,4-1-S-M,AHU,O KAVA,,Missing,0,"Top of head missing, cemented neck.",,,Raraku Tuff,-27.154446,-109.408142,12.313613292147672
918,HUNT/LIPO,NONE,05-217-05,5-10-HL-M,AHU,AHU MATA KETU,,,1, ,Missing,Missing,Raraku Tuff,-27.15811,-109.387897,10.52807483944517
919,HUNT/LIPO,NONE,05-217-06,5-11-HL-M,AHU,AHU MATA KETU,,,1, ,Missing,Missing,Raraku Tuff,-27.158189,-109.387909,10.532236774438624
920,HUNT/LIPO,NONE,05-217-07,5-12-HL-M,AHU,AHU MATA KETU,,,1, ,Missing,Missing,Raraku Tuff,-27.158174,-109.387925,10.533142699657578
921,HUNT/LIPO,NONE,05-217-08,5-13-HL-M,AHU,AHU MATA KETU,,,2, ,Missing,Missing,Raraku Tuff,-27.158148,-109.387926,10.532232273945784
922,HUNT/LIPO,NONE,05-217-09,5-14-HL-M,AHU,AHU MATA KETU,,,1, ,Missing,Missing,Raraku Tuff,-27.158194,-109.38795,10.536235302531095
923,HUNT/LIPO,NONE,05-217-10,5-15-HL-M,AHU,AHU MATA KETU,,,2, ,Missing,Missing,Raraku Tuff,-27.157993,-109.388048,10.537598338658466
924,HUNT/LIPO,NONE,05-217-11,5-16-HL-M,AHU,AHU MATA KETU,,,1, ,Missing,Missing,Raraku Tuff,-27.158168,-109.387848,10.525764062937968
925,HUNT/LIPO,NONE,05-999-02,5-17-HL-M,AHU,HANGA POUKURA,INTERIOR OF VAIHU,,2, ,Missing,Missing,Raraku Tuff,-27.155317,-109.38501,10.15419914253436
926,HUNT/LIPO,NONE,07-575-13,7-40-HL-M,AHU,UKNOWN AHU,,Fragment,1,Fragment server erosion,Missing,Missing,Raraku Tuff,-27.163339,-109.350067,7.449523067715746
927,HUNT/LIPO,NONE,07-575-14,7-41-HL-M,AHU,UKNOWN AHU,,,1, ,Missing,Missing,Raraku Tuff,-27.156691,-109.346144,6.72152853015247
928,SHEPARDSON,Mata Ketu-02,05-217-02,5-21-S-M,AHU,AHU MATA KETU,,Missing,0,Damage to base.  ,,99,Raraku Tuff,-27.1582,-109.387911,10.532847288911237
929,SHEPARDSON,Mata Ketu-03,05-217-03,5-22-S-M,AHU,AHU MATA KETU,,Missing,0,Broken at shoulders.,437,159,Raraku Tuff,-27.158163,-109.387929,10.53308946103261
930,SHEPARDSON,Mata Ketu-04,05-217-04,5-23-S-M,AHU,AHU MATA KETU,,Missing,0,Broken at neck.,287,,Raraku Tuff,-27.15802,-109.388071,10.540771197670153
931,SHEPARDSON,P-01,05-999-01,5-24-S-M,AHU,HANGA POUKURA,,Missing,0,Severe erosion on head.  / Broken at neck.,,,Raraku Tuff,-27.155319,-109.384992,10.152589833690012
932,SHEPARDSON,06-191-04,06-191-04,6-30-S-M,AHU,AHU TARAKIU,,Indeterminate,0,Broken at neck.,,,Raraku Tuff,-27.167387,-109.365523,8.977659070038207
933,SHEPARDSON,06-255-03,06-255-03,6-31-S-M,AHU,HANGA TE E,,Indeterminate,0,Top of head missing.  / Broken at neck.,,161,Raraku Tuff,-27.165968,-109.362163,8.611800911120795
934,HUNT/LIPO,NONE,07-575-15,7-46-HL-M,AHU,URA URANGA TE MAHINA,,,1, ,Missing,Missing,Raraku Tuff,-27.150044,-109.339,5.739587859732379
935,HUNT/LIPO,NONE,07-575-16,7-47-HL-M,AHU,URA URANGA TE MAHINA,,,1, ,Missing,Missing,Raraku Tuff,-27.150059,-109.338989,5.739434207301381
936,HUNT/LIPO,NONE,07-575-17,7-48-HL-M,AHU,URA URANGA TE MAHINA,,,1, ,Missing,Missing,Raraku Tuff,-27.150053,-109.338981,5.738419443478819
937,HUNT/LIPO,NONE,07-575-18,7-50-HL-M,AHU,URA URANGA TE MAHINA,,,1, ,Missing,Missing,Raraku Tuff,-27.150104,-109.339068,5.748693845193774
938,SHEPARDSON,03-999-01,03-999-01,3-10-S-M,ISOLATED,AHU PEA,,Complete,0,"Restored, Severe erosion ",,123,Raraku Tuff,-27.147615,-109.43075,14.333505003383726
940,SHEPARDSON,06-255-04,06-255-04,6-34-S-M,AHU,HANGA TE E,,Fragments in Association,2,Upper left of head missing.  / Broken at shoulders.,,205,Raraku Tuff,-27.165966,-109.362134,8.609242177433773
941,SHEPARDSON,06-255-09,06-255-09,6-35-S-M,AHU,HANGA TE E,,Fragment,0,Fragment server erosion,,,Raraku Tuff,-27.16587,-109.362326,8.619825923774048
942,SHEPARDSON,06-255-10,06-255-10,6-36-S-M,AHU,HANGA TE E,,Fragment,0,Fragment server erosion,,,Raraku Tuff,-27.165914,-109.362275,8.618087831582619
943,SHEPARDSON,07-506-01,07-506-01,7-60-S-M,ISOLATED,AKAHANGA,,Complete,0,Severe erosion to face. Body under rock outcrop ,130,,Raraku Tuff,-27.145739,-109.340026,5.618327907692192
944,SHEPARDSON,07-575-01,07-575-01,7-61-S-M,AHU,URA URANGA TE MAHINA,,Fragments in Association,0,"Broken at neck, Body face down, Head Face-up ",,206,Raraku Tuff,-27.150158,-109.339008,5.74637818144851
945,SHEPARDSON,07-575-05,07-575-05,7-62-S-M,AHU,URA URANGA TE MAHINA,,Fragment,0,Fragment server erosion,,,Raraku Tuff,-27.150134,-109.339045,5.748302275649088
946,SHEPARDSON,07-575-06,07-575-06,7-63-S-M,AHU,URA URANGA TE MAHINA,,Fragment,0,Severe erosion.  / Broken at neck.,,,Raraku Tuff,-27.150134,-109.339015,5.74570015930497
947,SHEPARDSON,07-575-07,07-575-07,7-64-S-M,AHU,URA URANGA TE MAHINA,,Fragment,0,Fragment server erosion,,,Raraku Tuff,-27.150124,-109.338985,5.7425630223923445
948,SHEPARDSON,07-575-02,07-575-02,7-65-S-M,AHU,URA URANGA TE MAHINA,,Fragments in Association,0,Severe erosion to back side.  / Broken at chin.,543,206,Raraku Tuff,-27.150094,-109.338867,5.7307239422336425
949,SHEPARDSON,07-575-03,07-575-03,7-66-S-M,AHU,URA URANGA TE MAHINA,,Fragments in Association,0,Severe erosion to back side.  / Broken at nose.,631,210,Raraku Tuff,-27.150048,-109.338834,5.725398937813729
950,SHEPARDSON,Mata Ketu-01,05-217-01,5-28-S-M,AHU,AHU MATA KETU,,Missing,0,Buttocks.  / Broken at neck.,234,108,Raraku Tuff,-27.158187,-109.387906,10.531881090134675
951,SHEPARDSON,Poike-01,24-999-01,24-1-S-M,ISOLATED,VAI A HEVA,,Missing,0,Severe erosion. Missing top part of head. ,,,Raraku Tuff,-27.10304,-109.253895,4.189361668660888
952,SHEPARDSON,Poike-03,24-998-02,24-2-S-M,ISOLATED,POIKE CAVES,,Missing,0, ,,60,Raraku Tuff,-27.098772,-109.252276,4.606148153210364
953,SHEPARDSON,Poike-19,24-997-01,24-3-S-M,AHU,HANGA TAVAKA,,Missing,0,General erosion. Specific features buried or not visible.  ,,,Raraku Tuff,-27.094717,-109.248676,5.168890646074097
954,SHEPARDSON & HUNT/LIPO,18-302-01,18-302-01,18-3-HLS-M,ISOLATED,RED SCORIA QUARANO RARAKUY,RED SCORIA QUARANO RARAKUY,Fragment,1,Severe erosion.  / Broken at chest.,Missing,,Red Scoria,-27.102972,-109.347676,6.385836783455947
955,SHEPARDSON,Road-I-06,19-994-01,12-10-S-M,ROAD,ROAD MOAI,,Complete,0,Intact severe erosion,533,207,Raraku Tuff,-27.124264,-109.326031,3.7496027866651227
956,SHEPARDSON,Road-I-05,19-995-01,19-1-S-M,AHU,UKNOWN AHU,,Missing,0,Severe erosion.  / Broken at neck.,,,Raraku Tuff,-27.120879,-109.325991,3.774522072340154
957,HUNT/LIPO,NONE,25-999-18,25-1-HL-M,AHU,UKNOWN AHU,,,1, ,Missing,Missing,Trachyte,-27.104542,-109.241027,5.198813236865698
958,HUNT/LIPO,NONE,25-999-17,25-2-HL-M,AHU,UKNOWN AHU,,,1, ,Missing,Missing,Trachyte,-27.104441,-109.241499,5.161893714200809
959,SHEPARDSON,Poike-11,25-999-08,25-5-S-M,AHU,UKNOWN AHU,,Missing,0,Fragment,,,Trachyte,-27.104572,-109.241024,5.19761381680112
960,SHEPARDSON,Matuki-01,10-999-01,10-1-S-M,AHU,MATUKI,,Missing,0,Missing forehead.  / Broken at chin.,,,Raraku Tuff,-27.128464,-109.375451,8.648527947981073
961,SHEPARDSON & HUNT/LIPO,11-294-01,11-294-01,18-5-HLS-M,ROAD,ROAD MOAI,WESTERN ROAD,,1,"Single fragmant, Severe erosion.",Missing,,Raraku Tuff,-27.118602,-109.337471,4.935029829292802
962,SHEPARDSON,10-020-01,10-020-01,10-2-S-M,ROAD,ROAD MOAI,,Missing,0,Intact severe erosion,392,124,Raraku Tuff,-27.140162,-109.3638,7.669949896130694
963,SHEPARDSON,Terevaka-01,17-999-01,17-1-S-M,ROAD,ROAD MOAI,,Missing,0,Severe erosion to back.  ,334,122,Raraku Tuff,-27.109462,-109.362306,7.543856216270215
231,CSULB,NONE,34-999-07,34-5-LB-M,AHU,UKNOWN AHU,Found on the Northeast coast,,2,Head and body sitting next to each other.  Near boat house and monivai.,Missing,Missing,Raraku Tuff,-27.065754,-109.338102,8.242546083838285
